year,month,cpi,gdp,federal fund rate,10yr,sp500,crude oil,UNRATE,industrial production,dollar index,home price,gold,vix
2000,1,0.00296208530806,0.071,0.0496369032943,0.0608859030629,-0.00216852512421,0.0354806356582,0.0,0.0,-0.00169914974696,0.00421771440048,0.0022528322398,0.0470646153842
2000,2,0.00413467217956,0.071,0.0336760925463,-0.0199766664512,-0.0257518752821,0.0845217916503,0.025,0.0029,0.0125884687638,0.0057,0.0534513120592,0.0169597448496
2000,3,0.00588235294118,0.012,0.0221121719667,-0.0418918292426,0.0384045230021,0.0203719711955,-0.0243902439024,0.004,-0.000115255939405,0.00894899075271,-0.0466693568876,-0.0371782386642
2000,4,-0.000584795321637,0.012,0.0235374703785,-0.0423896854122,0.0132728099822,-0.145763531827,-0.05,0.0073,0.00563303438031,0.0105449886666,-0.0212984495827,0.195699383955
2000,5,0.00175541252194,0.012,0.0446503181563,0.0740867123175,-0.0293396950015,0.128013752527,0.0526315789474,0.0018,0.0220187719105,0.0113126584747,-0.0183751051874,-0.0291202539214
2000,6,0.00584112149533,0.078,0.0432823980509,-0.0520994234181,0.030652218849,0.0945670869301,0.0,0.0009,-0.0101147944717,0.0111861137898,0.0406361960401,-0.183261233002
2000,7,0.00290360046458,0.078,-0.00474009299812,-0.00762502518773,0.00755384275707,-0.057522493197,0.0,-0.0014,0.00248434013913,0.00820141140568,-0.0157559782783,-0.0764623955432
2000,8,0.0,0.078,-0.00243787747948,-0.0361287180662,0.00845603511875,0.0478360207089,0.025,-0.0032,0.00688742999121,0.00756715853197,-0.0247823543562,-0.0907004648771
2000,9,0.00521134916039,0.005,0.00182869751304,-0.0067306287865,-0.011716425381,0.0876481840889,-0.0487804878049,0.0041,0.0116002531468,0.00582050319189,-0.00356919556362,0.0883869339471
2000,10,0.00172811059908,0.005,0.00113665851562,-0.00891225991187,-0.0530701929834,-0.0275999430921,0.0,-0.003,0.0145693588202,0.00550681351503,-0.0130545961318,0.28
2000,11,0.0017251293847,0.005,0.000219042056294,-0.00544503447777,-0.0108675239774,0.0404079998887,0.0,0.0002,0.00814805621864,0.00519818063678,-0.0149679438632,0.0469387755119
2000,12,0.00229621125144,0.023,-0.0110117526822,-0.0850750794172,-0.032076356754,-0.171161311035,0.0,-0.0027,-0.00820963414761,0.00461723150799,0.0224744008217,0.00559616634015
2001,1,0.0057273768614,0.023,-0.0664408055708,-0.0129142602774,0.00352955713315,0.0303193411448,0.0769230769231,-0.0066,-0.00116289527807,0.00395256916996,-0.0225524572016,-0.0607575647425
2001,2,0.00227790432802,0.023,-0.0854139618503,-0.0106928829463,-0.0223688887621,0.0131653896731,0.0,-0.0061,0.00590909387027,0.00384544955136,-0.0137968526449,-0.0604766804356
2001,3,0.000568181818182,-0.011,-0.0339466572024,-0.0423242243777,-0.091825720055,-0.0800605253587,0.0238095238095,-0.0026,0.0163040887848,0.00693177672382,0.00317005828678,0.217210434453
2001,4,0.00170357751278,-0.011,-0.0953914988816,0.0523805975718,0.00336256693511,0.0128206410307,0.0232558139535,-0.0023,0.00770051381604,0.00769927536232,-0.00779458624027,-0.0127318839418
2001,5,0.00510204081633,-0.011,-0.120900367809,0.0465173371262,0.0676824661855,0.0384885018319,-0.0227272727273,-0.0067,-0.000936991021666,0.0085393258427,0.0436686158221,-0.184471070267
2001,6,0.00225606316977,0.021,-0.0662574804358,-0.0212377647409,-0.0249189522663,-0.0383253911649,0.046511627907,-0.0062,0.00654590468421,0.00953654188948,-0.00509172708314,-0.0873259579792
2001,7,-0.00168823860439,0.021,-0.0431429260072,-0.00967507545893,-0.0276604430996,-0.0405158127359,0.0222222222222,-0.0058,0.00327395657588,0.00847532444601,-0.0121494282243,0.0656964184188
2001,8,0.0,0.021,-0.0327948746022,-0.0476092210301,-0.0215396371488,0.0318125602845,0.0652173913043,-0.0018,-0.016362519892,0.00665324345618,0.0201101533901,-0.0203641990906
2001,9,0.00394588500564,-0.013,-0.19072768117,-0.0467325364646,-0.113585922922,-0.0466881503512,0.0204081632653,-0.0035,0.00271573007585,0.004174276024,0.038262073795,0.603959004549
2001,10,-0.00280741156654,-0.013,-0.154640841996,-0.0389910531608,0.0305811690681,-0.146788495128,0.06,-0.0045,0.00666880595531,0.0018186541959,-0.00235183371064,-0.0668474747757
2001,11,-0.000563063063063,-0.013,-0.157412790698,0.0173449609868,0.0493157814103,-0.114489420425,0.0377358490566,-0.0052,0.00424082583331,0.00138312586445,-0.0243443900798,-0.186128031513
2001,12,-0.00056338028169,0.011,-0.13875711575,0.0915581692302,0.0134964075508,-0.0135141101451,0.0363636363636,0.0005,0.00092521180356,0.00189917127072,0.00190373311597,-0.109307107735
2002,1,0.00169109357384,0.011,-0.0355536320848,-0.0111329909038,-0.00412460233377,0.0167681253194,0.0,0.0057,0.0118307258816,0.00327416853352,0.0190819001872,-0.061852565645
2002,2,0.00168823860439,0.011,-0.00264803973566,-0.0182838876014,-0.0346767299388,0.0520421398198,0.0,0.0002,0.00575485806639,0.00412229474407,0.0509839901994,0.0279933640341
2002,3,0.00280898876405,0.037,-0.0115244409982,0.0774947695141,0.0482634244901,0.177599147986,0.0,0.0081,-0.0055916034539,0.00863838522066,-0.00443824973034,-0.170083287319
2002,4,0.00448179271709,0.037,0.0187962382469,-0.0158146612539,-0.0361910511436,0.074305777686,0.0350877192982,0.0041,-0.00289400336936,0.0108538963792,0.0287095247,0.0482198865157
2002,5,0.00111544896821,0.037,0.000258464716981,-0.011769904908,-0.0294656597741,0.0264679407284,-0.0169491525424,0.0044,-0.0123195434336,0.0132539216509,0.0381297162163,0.00941047485985
2002,6,0.000557103064067,0.022,-0.00431524547752,-0.0484827767805,-0.0604296770392,-0.0522083747919,0.0,0.0095,-0.0111934450407,0.0127493997848,0.0201600099387,0.258031814995
2002,7,0.0022271714922,0.022,-0.00838242545247,-0.056454903296,-0.108926894899,0.0545682298599,0.0,-0.0023,-0.0137935363953,0.0111174691408,-0.0244846450798,0.347376259527
2002,8,0.00277777777778,0.022,0.00994504056372,-0.0804574495218,0.00991901500057,0.0467706013363,-0.0172413793103,0.0003,0.0112359459949,0.00840811706686,-0.00903428323554,-0.00901093326517
2002,9,0.0016620498615,0.02,-5.18268976419e-05,-0.0879128969285,-0.0490285746732,0.0521276595745,0.0,0.0014,0.006931923307,0.00609316122825,0.028798487943,0.115721906405
2002,10,0.00221238938053,0.02,0.00316160464652,0.0111959557553,-0.015188422898,-0.0271977257061,0.0,-0.0033,0.00774600089374,0.00510000796876,-0.00939487334989,-0.0638676279089
2002,11,0.00165562913907,0.02,-0.241430882812,0.0329609275455,0.0647018139526,-0.0926295176082,0.0350877192982,0.0051,-0.0103039452446,0.00404344723698,0.00873174495265,-0.200551450179
2002,12,0.00165289256198,0.003,-0.0663399429209,-0.00557795531107,-0.0118134738889,0.122333869238,0.0169491525424,-0.0049,-0.00533794841183,0.00402716361339,0.0506840604208,0.0012591371961
2003,1,0.004400440044,0.003,0.00764233855254,-0.00161206636179,-0.00371609204972,0.112480964262,-0.0333333333333,0.0058,-0.0120054875326,0.00393236335037,0.0660877223742,-0.0278687417714
2003,2,0.00547645125958,0.003,0.0034129692867,-0.0292609542775,-0.064986979731,0.0927730355608,0.0172413793103,0.0032,-0.00126828119347,0.00532706619663,-6.87485348841e-05,0.174813498818
2003,3,0.0016339869281,0.021,-0.00755857898413,-0.0256793804188,0.010747704826,-0.0721169795878,0.0,-0.0023,-0.00390133797943,0.00763656198862,-0.0490411814944,-0.0491686211349
2003,4,-0.00380641653072,0.021,0.00979713355861,0.037348222233,0.0512676436601,-0.151418969381,0.0169491525424,-0.0072,-0.00791925859831,0.00912535766762,-0.0317075297509,-0.216828328049
2003,5,-0.00163755458515,0.021,0.00462820116918,-0.0996594143961,0.0516132760207,-0.00231869340645,0.0166666666667,0.0002,-0.0328248618305,0.0103456203541,0.0829882391908,-0.15640196098
2003,6,0.00109349371241,0.038,-0.0307807807827,-0.0626133410778,0.0555923566356,0.0872463866441,0.0327868852459,0.0015,-0.00511392860315,0.0105430825243,-0.000370119496788,0.00607015975555
2003,7,0.00327689787002,0.038,-0.169301457644,0.185667037329,0.00459676313396,0.00598793477057,-0.015873015873,0.0042,0.00981140716029,0.0106582601516,-0.0143651373372,-0.0589821651411
2003,8,0.00435492651062,0.038,-0.0115921758113,0.12218141224,-0.00302750826463,0.0291467064262,-0.0161290322581,-0.0019,0.011502491882,0.00972892684738,0.0266755995844,0.00589321720744
2003,9,0.00325203252033,0.069,0.00424528302313,-0.0348482447859,0.0302264129676,-0.103987702324,0.0,0.0063,-0.0105560441528,0.00823771697558,0.0511970407002,0.0133906512504
2003,10,-0.00108049702863,0.069,0.00207096801785,-2.73448763349e-05,0.0189245144622,0.0718363192013,-0.016393442623,0.0013,-0.0205197263433,0.00656550919171,-0.00146264318679,-0.077251344584
2003,11,0.000540832882639,0.069,-0.020034799901,0.00528728107773,0.0107497922961,0.0234268784643,-0.0333333333333,0.0082,-0.00106066274193,0.00572546745905,0.031134975313,-0.034534157075
2003,12,0.0027027027027,0.048,-0.00923295454553,-0.00838860193724,0.0292749994399,0.0349776518191,-0.0172413793103,-0.0007,-0.0135906324227,0.00619730489299,0.0475966755353,-0.0330261052229
2004,1,0.00431266846361,0.048,0.0138248847923,-0.0293774433582,0.048009800619,0.0647853652405,0.0,0.002,-0.0159117257489,0.00773472749409,0.0120869650765,-0.0431087579036
2004,2,0.00214707461084,0.048,0.00578947368,-0.0158838759429,0.00957055038002,0.00804281298553,-0.0175438596491,0.0061,0.00389836643951,0.00945206452988,-0.023993556831,-0.00637096748028
2004,3,0.00214247455811,0.023,-0.00186562918891,-0.0620147360147,-0.0169472545893,0.0642974165101,0.0357142857143,-0.0049,0.0101499690467,0.0144325542101,0.00850337509854,0.105571058928
2004,4,0.00160342063068,0.023,0.00244104098051,0.134534864157,0.0080953484312,-0.00276685770224,-0.0344827586207,0.0043,0.00708038470917,0.0145048233743,-0.0071993567581,-0.112442804113
2004,5,0.0042689434365,0.023,-0.00532971996027,0.0869709711365,-0.02673872068,0.100045516613,0.0,0.0082,0.0157722319957,0.0147763031879,-0.0494603841646,0.127809627808
2004,6,0.00371944739639,0.03,0.0303333030569,0.00541027001238,0.0271818514003,-0.0553742847691,0.0,-0.0082,-0.00903237106628,0.0146959687205,0.0191615265857,-0.132609835803
2004,7,0.00105876124934,0.03,0.231379462323,-0.0523700471388,-0.023756615758,0.0724869843814,-0.0178571428571,0.0076,-0.0070515341726,0.0120914164231,0.0159294621987,0.00945736434514
2004,8,0.000528820729773,0.03,0.123120973512,-0.0462893735987,-0.0152929580381,0.0998837327717,-0.0181818181818,0.0008,0.00150951993914,0.0096494682946,0.00879085750819,0.0762276427297
2004,9,0.00317124735729,0.037,0.13742450454,-0.0349790381397,0.0263754865809,0.0234825600016,0.0,0.0008,-0.00380776781316,0.00845198621676,0.0111135003008,-0.156025194437
2004,10,0.00526870389884,0.037,0.0829762254189,-0.00996827106714,0.000368969414309,0.155780613462,0.0185185185185,0.0095,-0.0142234166969,0.00767197472761,0.0367187345916,0.0634088603271
2004,11,0.00471698113208,0.037,0.0944792259533,0.0262039517917,0.0454964002565,-0.0869839547251,-0.0181818181818,0.0019,-0.0256445856189,0.00767754318618,0.0449133893108,-0.0932739704268
2004,12,0.0,0.035,0.123697121799,0.00776347413516,0.0258985698226,-0.107669018861,0.0,0.0072,-0.0109258902282,0.00742857142857,0.00601036072062,-0.0823146235083
2005,1,-0.000521648408972,0.035,0.0618410462764,-0.00300437521345,-0.014845146223,0.0831166472179,-0.0185185185185,0.0046,0.00521439031137,0.00926451124976,-0.0413172462142,0.0785305169497
2005,2,0.00417536534447,0.035,0.0877269442929,-0.0100965448653,0.0154212956997,0.0256482267313,0.0188679245283,0.0068,0.00183950343871,0.0111777194954,0.000150112906904,-0.128668896532
2005,3,0.00363825363825,0.043,0.0536005721319,0.0798803175681,-0.00394215490517,0.136856511579,-0.037037037037,-0.0016,-0.00531676198013,0.0163650960291,0.0221186133087,0.121054115575
2005,4,0.00310719834283,0.043,0.0557602670701,-0.0387574913064,-0.0255037675983,-0.0258454723566,0.0,0.0013,0.00844014707589,0.0147040952728,-0.00940483672912,0.101527278957
2005,5,-0.000516262261229,0.043,0.0819897084052,-0.0440339656375,0.0118963443651,-0.0628864411166,-0.0192307692308,0.0016,0.00450521179082,0.0152095808383,-0.0166512611462,-0.0339876169129
2005,6,0.00051652892562,0.021,0.0131074537376,-0.0346131407747,0.0203515526707,0.13131076831,-0.0196078431373,0.0041,0.00960349908413,0.0145688333137,0.020570199032,-0.150274909192
2005,7,0.00619514713474,0.021,0.0656609410014,0.043745237213,0.016620049736,0.046197723227,0.0,-0.0032,0.00415307838522,0.0121504563688,-0.0153946936451,-0.0690590172696
2005,8,0.00615700359159,0.021,0.0758959095837,0.0210331041682,0.00166369924982,0.101099147171,-0.02,0.002,-0.0130260159559,0.0104537622056,0.0318303466073,0.172169820599
2005,9,0.0137684854666,0.034,0.0437857884581,-0.0150765117974,0.00134310775894,0.00860669250158,0.0204081632653,-0.0184,-0.00116693980537,0.00960663938154,0.0428262605267,-0.0249557188234
2005,10,0.00150905432596,0.034,0.0331132322189,0.0631053911553,-0.0276939941056,-0.0501013358905,0.0,0.0125,0.00954366340114,0.00641855751365,0.0286465751462,0.182887740863
2005,11,-0.00502260170768,0.034,0.0625913621262,0.0173455597639,0.0380919850237,-0.0630425805272,0.0,0.0102,0.0071289426001,0.0052027972028,0.0166787056544,-0.186776754121
2005,12,0.0,0.023,0.0401629386118,-0.0148327770882,0.0199644098779,0.0189331890304,-0.02,0.006,-0.00633673458013,0.00239314336598,0.0667663761967,-0.0730693845536
2006,1,0.00605754669359,0.023,0.034008931639,-0.0127085310073,0.0131934600376,0.10244112464,-0.0408163265306,0.0012,-0.0130176715023,0.00399755704847,0.0795244143038,0.0689165186501
2006,2,0.000501756146513,0.023,0.0443084455326,0.0365662694768,-0.00162485295095,-0.0551090677292,0.0212765957447,0.0004,0.00163239812976,0.00376043798042,0.00990380810133,0.0361459481223
2006,3,0.00150451354062,0.049,0.0229264762836,0.0342021286054,0.0133903577864,0.0167990992386,-0.0208333333333,0.0019,0.00143533141078,0.0068315795273,0.00480439956986,-0.0623154765726
2006,4,0.0050075112669,0.049,0.0383199242782,0.0564629043859,0.00652656964305,0.114267314722,0.0,0.0043,-0.00697638631348,0.00492476060192,0.0959364776259,0.0131226713444
2006,5,0.00298953662182,0.049,0.0340325362868,0.0229704478151,-0.00935634838444,0.0114002916048,-0.0212765957447,-0.0014,-0.0202282122428,0.00397495235502,0.0999653656502,0.220063810015
2006,6,0.00248385494287,0.012,0.0133640552997,-0.000116607251809,-0.0285880902016,0.000121705932331,0.0,0.0037,0.0116427845164,0.000922008894674,-0.113949798303,0.170471698114
2006,7,0.00545094152626,0.012,0.0504774897675,-0.00340093302663,0.00568032480056,0.048851299854,0.0217391304348,-0.0003,-0.00267749734324,0.000379301002438,0.0626250747258,-0.0941350312976
2006,8,0.00443568260227,0.012,-0.000745341615238,-0.0417541216747,0.0213545158281,-0.0181768586527,0.0,0.0035,-0.00642323210874,-0.00113747156321,-0.00479425912114,-0.12881775216
2006,9,-0.00490677134446,0.004,0.00122244322924,-0.032528453158,0.0238155339985,-0.125725793018,-0.0425531914894,-0.0017,0.00227908955304,-0.00108453988395,-0.0508125280902,-0.0874222540599
2006,10,-0.00443786982249,0.004,-0.000747943156592,0.00137491418687,0.0345870809084,-0.074468766229,-0.0222222222222,-0.0004,0.002819251908,-0.000814288040823,-0.0193813591854,-0.0720699547458
2006,11,0.000495294700347,0.004,0.000453638178008,-0.0272225904899,0.0185181498457,0.00436986502394,0.0227272727273,-0.0009,-0.00829771962876,-0.00228186460937,0.0702075678449,-0.0432273898592
2006,12,0.00544554455446,0.032,-0.00265711435522,-0.00641929932747,0.0200111312038,0.045311071916,-0.0222222222222,0.0105,-0.00747047284605,-0.00217817468961,0.000489266289497,0.0135779372294
2007,1,0.00165928114229,0.032,0.00411904307237,0.0420960721287,0.0054651868796,-0.119415960758,0.0454545454545,-0.0049,0.0091412379105,-0.00278323510151,0.00441527318572,0.00711386748142
2007,2,0.00387835054587,0.032,0.00157279915322,-0.00697951045824,0.0144883456575,0.0862503827756,-0.0217391304348,0.0103,-0.00332418413273,-0.001368138784,0.0537941472213,0.0102117417161
2007,3,0.0052001214341,0.002,-0.00112648418757,-0.0342027736836,-0.026192277107,0.0227750085214,-0.0222222222222,0.0018,-0.00489885501873,-0.00153441473038,-0.0162190734081,0.359244247139
2007,4,0.00300066248393,0.002,-0.00334082138206,0.0280706254049,0.0402964822396,0.0542561869047,0.0227272727273,0.0073,-0.0126055567821,-0.00032930845225,0.0386534155336,-0.147053180645
2007,5,0.00413299401663,0.002,0.00118476564908,0.0126542618496,0.0324458711404,-0.00788760867481,-0.0222222222222,0.0004,-0.00856509745422,-0.00137257055013,-0.0179340900708,0.0282012891595
2007,6,0.00231675171096,0.031,0.000812273995324,0.075128134299,0.00221866451116,0.0629396741809,0.0454545454545,0.0001,-0.0024112167749,-0.00186926164165,-0.0181423145489,0.124073214999
2007,7,0.00178059584817,0.031,0.0017221064085,-0.0218380614502,0.00410385017016,0.0980452994112,0.0217391304348,-0.0004,-0.0125741687746,-0.00302946846599,0.0154444516286,0.155590952532
2007,8,0.000308280708853,0.031,-0.0432540244549,-0.0629437339313,-0.0434586693195,-0.0241641137098,-0.0212765957447,0.0019,0.00534254608135,-0.00414364640884,0.000475234718852,0.448827882471
2007,9,0.00423755339077,0.027,-0.0136839378473,-0.0345998653456,0.0292168732665,0.100438794146,0.0217391304348,0.0035,-0.0132675368971,-0.00621359223301,0.0716764062548,-0.112967704181
2007,10,0.00308323783128,0.027,-0.0438311688297,0.00121521219688,0.0284162155013,0.0757531605009,0.0,-0.0048,-0.0202002688184,-0.00887623513649,0.0606241538858,-0.138893756687
2007,11,0.00785888426789,0.027,-0.0530965827518,-0.0838803382001,-0.0495391983727,0.104755427097,0.0,0.0053,-0.0144545978938,-0.013292779092,0.0651747886188,0.338294959527
2007,12,0.00289801455173,0.014,-0.0617146669632,-0.0112980792369,0.0108264464391,-0.0305282147275,0.063829787234,-0.0001,0.00860132840758,-0.0104463979906,0.00110228991056,-0.153675334587
2008,1,0.00344770507697,0.014,-0.068161040192,-0.0903544708512,-0.0679166297093,0.0129334563479,0.0,-0.0029,-0.00806093027697,-0.0130372079608,0.100642983234,0.192378665013
2008,2,0.00241782687794,0.014,-0.246457122093,0.00126400500545,-0.0173284048315,0.0260408606674,-0.02,-0.0033,-0.00856197053873,-0.0109883686948,0.041917605695,-0.01395211569
2008,3,0.00357802780612,-0.027,-0.12139843279,-0.0657920618821,-0.0279948851276,0.105622502596,0.0408163265306,-0.0024,-0.0197513323571,-0.00762366290408,0.0381542324133,0.0647195160277
2008,4,0.0023143810202,-0.027,-0.128754615308,0.0470508679093,0.0406441971369,0.0668063676058,-0.0196078431373,-0.0074,-0.0038840211035,-0.00351357789424,-0.0525928812625,-0.204430155784
2008,5,0.00591749165662,-0.027,-0.120999532307,0.0611933284903,0.0238958531478,0.115556900238,0.08,-0.005,0.00344248293262,-0.00179286439969,-0.0214653777777,-0.151158705398
2008,6,0.0104782350099,0.02,0.00406115623746,0.0545480396288,-0.0441604109218,0.0682069208945,0.037037037037,-0.0016,0.00214526750649,-0.00287373525714,-0.000289489753185,0.20800270573
2008,7,0.00714144475152,0.02,0.00882486535474,-0.0271102304756,-0.062571876345,-0.00396348169937,0.0357142857143,-0.0053,-0.00712167190429,-0.00492344641249,0.055555356651,0.0999927557802
2008,8,-0.0014884757278,0.02,-0.0162946763575,-0.0237625657222,0.0192042559579,-0.125830673205,0.051724137931,-0.0148,0.0261127028731,-0.00862849212575,-0.10976637704,-0.149072618004
2008,9,0.00085509168229,-0.019,-0.0613761687821,-0.0508185834476,-0.0503044860571,-0.110759248299,0.0,-0.0431,0.0240450400612,-0.0144248326233,-0.00960370795681,0.461103057916
2008,10,-0.00859843656483,-0.019,-0.454336468132,0.027396210936,-0.203949017034,-0.260590822605,0.0655737704918,0.0094,0.0668161047093,-0.0169826468227,-0.0286491008551,1.02315745798
2008,11,-0.0177054770847,-0.019,-0.619352596564,-0.0798600455051,-0.08852215759,-0.251327906085,0.0461538461538,-0.0123,0.0247037215986,-0.019474808393,-0.0551518336253,0.0238990638327
2008,12,-0.0082335223994,-0.082,-0.558627885744,-0.313525159504,-0.00620436771669,-0.268079695598,0.0735294117647,-0.0293,-0.0107032453346,-0.0225525371604,0.0855638469507,-0.163386968029
2009,1,0.00253077134126,-0.082,-0.0813829787229,0.0304884751569,-0.0136586596336,-0.00282507865525,0.0684931506849,-0.0237,0.00657145395604,-0.020909805978,0.0448534330092,-0.147352351875
2009,2,0.00364266065219,-0.082,0.424740194433,0.160053319146,-0.0697202399779,-0.0635700489558,0.0641025641026,-0.0065,0.0246940893525,-0.011648925487,0.0914914488804,0.0198627289081
2009,3,-0.000987282856538,-0.054,-0.183101604278,-0.0182129058914,-0.0597353643522,0.224242261741,0.0481927710843,-0.016,0.00447184757893,-0.00745106008264,-0.0156740943713,-0.0170081812294
2009,4,0.00100708251959,-0.054,-0.161691542286,0.0337861841331,0.120224359241,0.0392766170551,0.0344827586207,-0.009,-0.0247777213116,0.00293455265133,-0.0390290403283,-0.150275180596
2009,5,0.00147149391892,-0.054,0.139169139465,0.137697521653,0.0639703748036,0.185446736706,0.0444444444444,-0.0107,-0.0292574006552,0.00836962438759,0.0444810711792,-0.159884404634
2009,6,0.00829961224662,-0.005,0.190414170355,0.123003576782,0.0262702534384,0.177039553228,0.0106382978723,-0.0043,-0.0122213154885,0.0109319117349,0.016326311264,-0.0887343002846
2009,7,-0.00029796545463,-0.005,-0.244410617448,-0.045671530692,0.0104807325613,-0.0775125546211,0.0,0.0105,-0.00340324718372,0.00634136572992,-0.0111271683605,-0.102185340594
2009,8,0.00334845337779,-0.005,0.0224244822579,0.011888891095,0.0789716938892,0.106471470486,0.0105263157895,0.0111,-0.0122881094562,-0.000530644733351,0.0156844430056,-0.0315557474951
2009,9,0.0019308872334,0.013,-0.0890207715152,-0.0506219089713,0.034492190708,-0.0234820036016,0.0208333333333,0.0075,-0.00713935137464,-0.0069020440669,0.0507407813595,-0.0162005713397
2009,10,0.0030019317987,0.013,-0.195439739411,-0.00864593464054,0.022125511206,0.0914886337925,0.0204081632653,0.0032,-0.0145762883585,-0.00695001336541,0.0471674393313,-0.0270551192591
2009,11,0.00334859058977,0.013,0.0202429149802,0.00572696998637,0.0191121650538,0.0306153034559,-0.01,0.0041,-0.00506218457312,-0.00437415881561,0.083154905885,-0.0193290225857
2009,12,0.000520176399643,0.039,-0.0113636363667,0.0606159656917,0.0205030446323,-0.0453236698676,0.0,0.0027,0.0049760805643,-0.00858398107469,-0.00457453048587,-0.106963001472
2010,1,0.000648732211625,0.039,-0.0151240169372,0.0343379323632,0.0118913153207,0.0509287897393,-0.010101010101,0.0115,0.00248516194174,-0.0114535042269,-0.00848168214877,-0.0280791112539
2010,2,-0.000951776649746,0.039,0.0810810810852,-0.00930162734187,-0.0306355849854,-0.0248716141376,0.0,0.0037,0.0150149009041,-0.0133793103448,-0.0171660781576,0.0918872061618
2010,3,0.000331368136192,0.017,0.280434782607,0.0109290457522,0.0577405483584,0.0632727523069,0.0102040816327,0.007,-0.00860255013492,0.00377464001118,0.0151199929871,-0.211739516224
2010,4,0.000230040533142,0.017,0.222507331375,0.0277078036086,0.0392930394357,0.0404138036068,0.0,0.0042,-0.00497576417201,0.0124651810585,0.0315108558378,-0.0193109716628
2010,5,-0.000519772036264,0.017,0.0241379310359,-0.110245899201,-0.060345538676,-0.123650117111,-0.030303030303,0.015,0.0279491128841,0.0112112249811,0.0494675600409,0.832471099449
2010,6,-0.000418795158544,0.039,-0.1290684624,-0.0622813399376,-0.0370668774785,0.0173649334435,-0.0208333333333,0.0019,0.00518666196023,0.00455720310162,0.0227155135641,-0.0630494171096
2010,7,0.00186925354168,0.039,0.0314187530675,-0.0636753636083,-0.00328383249769,0.0129741739374,0.0,0.0046,-0.0151809808922,-0.00101564086939,-0.0332456399457,-0.145442995482
2010,8,0.0014613634797,0.039,0.0420038077068,-0.101730490663,0.00692620514232,0.00371760169129,0.0106382978723,0.0042,-0.00815442413465,-0.00772671817812,0.0208850573136,-0.0320485575471
2010,9,0.00161524942296,0.027,0.0224962886883,-0.0159343836451,0.0320060695394,-0.01458579839,0.0,0.0028,-0.0094704709412,-0.0123633879781,0.0447202854723,-0.0900468047108
2010,10,0.00348184629481,0.027,-0.0170761670786,-0.0490042926029,0.0441161242776,0.085060383733,-0.0105263157895,-0.0024,-0.0262651254447,-0.0101666781935,0.0569576949001,-0.0952270179972
2010,11,0.00253384162348,0.027,0.0236220472441,0.0941679915424,0.0233058545945,0.0285453711072,0.0425531914894,0.0004,0.0030274691697,-0.00908328675238,0.0201436194016,-0.0136265893783
2010,12,0.00401657634683,0.025,-0.0590858416923,0.19452199228,0.0355636746701,0.0583340307472,-0.0510204081633,0.0087,0.00639646288846,-0.00839091806515,0.0152050673911,-0.125706844518
2011,1,0.00324304220037,0.025,-0.0571090047416,0.0248503788629,0.0330988344213,0.00386984050959,-0.0215053763441,-0.001,-0.0114295985345,-0.0113062646661,-0.0228396051889,-0.0144594209997
2011,2,0.00321447463006,0.025,-0.0873136598728,0.0601063694096,0.0300162478087,0.00183814078936,-0.010989010989,-0.0044,-0.00769028141752,-0.0093498273878,0.0105340475859,0.0066125725506
2011,3,0.00517354820683,-0.015,-0.124347826088,-0.0453158982351,-0.0125891927179,0.147511484595,0.0,0.0096,-0.00954748451215,0.000363002758821,0.0346223347875,0.18895457607
2011,4,0.0046940989751,-0.015,-0.307726864329,0.0081704577853,0.020712304493,0.0685289014028,0.0111111111111,-0.0038,-0.0165611738412,0.00987009216924,0.0438944850531,-0.216154749917
2011,5,0.00318171473451,-0.015,-0.024875621891,-0.0804450707588,0.00511111575999,-0.0788981432226,-0.010989010989,0.0022,-0.000322714080286,0.0109953287819,0.0183453543119,0.0410876983132
2011,6,0.0,0.029,-0.0259740259736,-0.0527053348352,-0.0381240681723,-0.0500019433359,0.0111111111111,0.0024,-0.000337136041742,0.00888541370486,0.0105507421286,0.132558478862
2011,7,0.00262003683176,0.029,-0.252,-0.000588195477388,0.0294385132981,0.0109240682611,-0.010989010989,0.0043,-0.00679887964071,0.00281829070669,0.0300572654104,0.00388020029807
2011,8,0.00315446216642,0.029,0.438618925831,-0.233057986298,-0.105554243828,-0.113001581405,0.0,0.0059,0.00564764958969,-0.0039345183728,0.120304194566,0.821824492773
2011,9,0.00217154785808,0.008,-0.14328042328,-0.143453526065,-0.0096402177186,-0.00846493171635,0.0,-0.0008,0.0291948419349,-0.0113564223743,0.0045772601525,0.0428463266593
2011,10,0.000675207527019,0.008,-0.140909090909,0.0847732062842,0.0283991293035,0.00955607099755,-0.0222222222222,0.0071,0.0101908354255,-0.0125570776256,-0.0568928841418,-0.101312684944
2011,11,0.00184785005513,0.008,0.138888888889,-0.0602446382962,0.0159027814416,0.124204541072,-0.0227272727273,-0.0013,0.00640205198505,-0.0126445086705,0.0408744212974,-0.0270231067132
2011,12,0.000237708490155,0.046,-0.128919860627,-0.0144125050885,0.0137869981025,0.0145411238857,-0.0116279069767,0.005,0.00918208708876,-0.0109037687523,-0.0579473149219,-0.215838277826
2012,1,0.0027241960541,0.046,0.183,-0.0180771955115,0.0460496986211,0.0176796661016,-0.0235294117647,0.0064,-0.00583872998883,-0.00739863865049,0.0112578402072,-0.19241825095
2012,2,0.00213744612495,0.046,0.242603550296,0.0130039797436,0.0399130386309,0.0193782801776,0.0,0.003,-0.0176157846058,-0.00119260584377,0.0509845614325,-0.0893563377497
2012,3,0.00209347038703,0.027,0.212121212124,0.102038618504,0.0271740034566,0.0385527441633,-0.0120481927711,-0.0056,0.00592429143027,0.0140298507463,-0.0373057161554,-0.122321721598
2012,4,0.00166078835001,0.027,0.141156462582,-0.0606732951208,-0.00202340848234,-0.026919636552,0.0,0.008,0.00322360347911,0.019208124816,-0.015946368245,0.1024122807
2012,5,-0.00206818013238,0.027,0.0766020864414,-0.120092088831,-0.0325702021019,-0.0835067724837,0.0,0.0018,0.017396298596,0.0186295039353,-0.0377281616101,0.178354832621
2012,6,-0.000826363171311,0.019,0.0354374307854,-0.0994806221837,-0.0132623598455,-0.129974690776,0.0,0.0003,0.0143072160296,0.0150280002835,0.00809360791757,0.00614871522466
2012,7,0.00028880992806,0.019,-0.0205882352982,-0.0642825189846,0.0274214852128,0.0670611553821,0.0,0.0024,-0.00470245151975,0.0077519379845,-0.00428283377658,-0.168743661976
2012,8,0.00580952797585,0.019,-0.166470818645,0.109552035591,0.0321113464155,0.0708443055573,-0.0121951219512,-0.0039,-0.00867382148415,0.0029106029106,0.0229603833563,-0.10678323104
2012,9,0.00477126627754,0.005,0.1308864266,0.0179307712552,0.0284864522279,0.00422204562506,-0.037037037037,0.0,-0.0156459615636,-0.00241846323936,0.0708568802772,-0.0258023960314
2012,10,0.00269679458044,0.005,0.0643405889857,0.0131520366624,-0.00388162077079,-0.0527457145739,0.0,0.0029,-0.0028169601138,-0.00270139225601,-0.000813167260194,0.0648656005231
2012,11,-0.00167934449443,0.005,0.0119999999994,-0.0441479210461,-0.030118085792,-0.0316898633069,-0.0128205128205,0.0049,0.00637713655951,0.0,-0.0123083255055,0.0261556465761
2012,12,-0.000121081604677,0.001,0.0124223602484,0.0379974272352,0.0199160075087,0.0174458377711,0.025974025974,0.0028,-0.00577463179295,-0.000625086817614,-0.0229106752686,0.0384743684784
2013,1,0.00198078894218,0.001,-0.114811568798,0.101338215139,0.0408565918024,0.0745995141803,0.0126582278481,-0.0008,-0.000867621872235,0.00305789144485,-0.00720609628391,-0.221353276531
2013,2,0.0054299267521,0.001,-0.0151120375208,0.0448507925032,0.0215593376881,0.00519893436517,-0.0375,0.0057,0.00814777991725,0.00588928150766,-0.0265415185857,0.0420128456604
2013,3,-0.00281191910259,0.028,0.0287477954103,-0.0130451292971,0.0254692363572,-0.0248063342373,-0.025974025974,0.003,0.00870546799472,0.0193552830968,-0.0204834356644,-0.0739827212176
2013,4,-0.00208797926658,0.028,-0.00814332247234,-0.10727151744,0.0128146125266,-0.00956649555493,0.0133333333333,-0.0009,-0.00358934783619,0.0203392121089,-0.0681259059671,0.0718085199171
2013,5,0.000414155489502,0.028,-0.250783699062,0.108623396533,0.0440188161311,0.0296718324947,-0.0131578947368,0.0001,0.00431119875259,0.0191390728477,-0.046090115573,-0.0339104399941
2013,6,0.00238040820551,0.008,-0.120920502089,0.193273939773,-0.0128489317418,0.0105586428785,0.0,0.0018,0.00805986108249,0.0167002404315,-0.0523218348065,0.279973724992
2013,7,0.00195745230054,0.008,-0.0337934316995,0.116288216961,0.0308276515384,0.0928819407414,-0.0266666666667,-0.0057,0.00546711233334,0.0118241083983,-0.0405644905328,-0.19088987902
2013,8,0.0023872906827,0.008,-0.103448275862,0.0681381448866,0.000849884743095,0.0175742499033,-0.013698630137,0.0077,-0.00116802343909,0.00701155959826,0.0509789051423,0.0168488160325
2013,9,0.000376944691934,0.031,-0.0208791208794,0.0253031993765,0.0102268898391,-0.00285001173624,0.0,0.0048,-0.00208707147196,0.00175636682976,-0.00212873950157,0.0339197748065
2013,10,0.000535231048539,0.031,0.0549943883272,-0.0712128667914,0.0194722248423,-0.0534888812915,0.0,-0.001,-0.0100358867891,-0.000688791484032,-0.0258398233389,0.0487221676423
2013,11,0.00184448942735,0.031,-0.00839865621405,0.0409837605584,0.0369264528525,-0.0658472095539,-0.0416666666667,0.0033,0.00886219847091,-0.00112789021869,-0.0309361507649,-0.161205485639
2013,12,0.00264416915848,0.04,0.017154687962,0.0690259646608,0.0135877101227,0.0421880382438,-0.0289855072464,0.0028,0.00164447625325,-0.000501850573992,-0.0420963780348,0.0981415159703
2014,1,0.00267553968788,0.04,-0.171270718232,-0.0161631042719,0.00806595215085,-0.0310295848776,-0.0149253731343,-0.0048,0.00919666705252,0.000564865373752,0.0184765240386,0.00342235941685
2014,2,0.000743582879748,0.04,-0.056842105264,-0.0526586590805,-0.00292035578289,0.0613409335977,0.0151515151515,0.01,0.00268593307567,0.00319909672563,0.0470749234368,0.0863037517519
2014,3,0.0018427153302,-0.009,0.173363095238,0.00700745604321,0.025584869429,-0.00165100674968,0.0,0.0089,-0.000814624739709,0.00819108359907,0.0247134885956,-0.040939452702
2014,4,0.00214870569089,-0.009,0.14430449069,-0.00818246523904,0.000397097254842,0.0151798700927,-0.0597014925373,0.0022,-0.00376982098144,0.0110394443066,-0.0269390394347,-0.0430400873016
2014,5,0.00170851253685,-0.009,-0.0366116295755,-0.0526751804069,0.0136803685799,-0.00235213956028,0.0,0.0029,-0.00316399597957,0.0104895104895,-0.00812140640417,-0.121344244704
2014,6,0.00135519088771,0.046,0.0983606557373,0.014975935999,0.0303320313334,0.0329280672136,-0.031746031746,0.0037,0.00147193994876,0.00922722029988,-0.0044624559802,-0.0748530422164
2014,7,0.00125217127342,0.046,-0.0454545454551,-0.0230639220128,0.0133596355375,-0.0262000553353,0.016393442623,0.0002,-0.00236996729705,0.00553383458647,0.0228026810947,0.0654108856915
2014,8,-0.000193696443986,0.046,-0.0253494432597,-0.0471293087371,-0.00586290367442,-0.0616809801597,0.0,-0.0006,0.00896602766931,0.00191421905844,-0.0122889193594,0.0972272096737
2014,9,5.47509044426e-05,0.052,-0.005347593583,0.0440316168087,0.016157925162,-0.0316613798572,-0.0483870967742,0.0029,0.0150522811467,-0.00119410114037,-0.0445575194726,-0.00187061023965
2014,10,-2.10568872867e-05,0.052,0.000733137830645,-0.0921873775872,-0.028070995112,-0.093461837351,-0.0338983050847,0.0005,0.0128744657344,-0.00197262239225,-0.0120019321525,0.340992251398
2014,11,-0.00170564378577,0.052,0.0717948717944,0.0136430134114,0.0553859382643,-0.10112898237,0.0175438596491,0.0078,0.0169220809033,-0.00149736463824,-0.0376188395828,-0.257246583417
2014,12,-0.00325680681061,0.02,0.277511961726,-0.04914113349,0.00474146074627,-0.217919199914,-0.0344827586207,-0.0022,0.0245449591382,-0.00113970367704,0.0182675898761,0.214648545496
2015,1,-0.00606932746434,0.02,-0.0400749063699,-0.14746749427,-0.0126993578349,-0.201790136234,0.0178571428571,-0.0072,0.020485804405,-0.0012611097766,0.0441314060953,0.173531791422
2015,2,0.00186513141086,0.02,-0.0241698667296,0.0525809278056,0.0266334001026,0.0718267496825,-0.0350877192982,-0.0017,0.0135012063932,0.00234501833925,-0.0195713405235,-0.168168073103
2015,3,0.00289874784294,0.032,-0.000420875421297,0.0303364502853,-0.00105913907383,-0.0565926234755,0.0,-0.0034,0.0181044354702,0.00875824835033,-0.0386673965076,-0.0686285717732
2015,4,0.000885758361729,0.032,0.0959999999995,-0.0557936178514,0.00715022636641,0.14155538639,-0.0181818181818,-0.0039,-0.00984529565636,0.0111798287345,0.0173860132685,-0.0889751997479
2015,5,0.00333241589567,0.032,-0.000364963500001,0.141813957012,0.00815358523437,0.0868400177825,0.0185185185185,-0.0036,-0.00746155891121,0.0111150317572,-0.000841191069848,-0.0115794488189
2015,6,0.00281069583713,0.027,0.0332238043052,0.0738889955725,-0.00599441397935,0.007691106306,-0.0363636363636,-0.0028,0.00748506770251,0.00930611295295,-0.0138447101471,0.0750493274731
2015,7,0.00157816327046,0.027,0.013980642193,-0.0174314676258,-0.00244845427791,-0.148735403386,-0.0188679245283,0.005,0.0168859098502,0.00599320002305,-0.0437352804522,0.000919263322664
2015,8,-1.68072170189e-05,0.027,0.0879365079358,-0.0680164619118,-0.0259186833881,-0.157882434341,-0.0192307692308,-0.0001,0.0190733828218,0.00257776250215,-0.0100014001768,0.353616972508
2015,9,-0.00219337868557,0.016,-0.0469798657741,0.00165088589673,-0.0467990547495,0.0600663950173,-0.0196078431373,-0.0029,0.00782769229903,0.000685635927322,0.00525889343272,0.254736635699
2015,10,0.00125070009728,0.016,-0.0809859154902,-0.048696474543,0.041354787007,0.0181304969211,0.0,-0.0019,-0.00915669583693,5.70971793994e-05,0.0288889041492,-0.311258683886
2015,11,0.00129540216349,0.016,-0.0429522081091,0.0980242030725,0.0275599673878,-0.0727279868801,0.0,-0.0058,0.0158396137827,0.000628033114473,-0.0628921106982,-0.0345182337467
2015,12,-0.0010291004402,0.005,0.94891391794,-0.0108216132386,-0.012754370904,-0.130366639627,0.0,-0.0046,0.00972044511083,-0.000114116170261,-0.0152590481674,0.111995962091
2016,1,0.000685372140253,0.005,0.564293085655,-0.0683484910075,-0.0659573535066,-0.148724587895,-0.02,0.0055,0.0224578500552,-0.000399452179868,0.0278529031876,0.315800091306
2016,2,-0.00192445060717,0.005,0.0313497822942,-0.150008119422,-0.0073904984358,-0.0364834200157,0.0,-0.0021,-0.00888997376824,0.00137009761946,0.0937453827666,-0.0506324338701
2016,3,0.00206287994881,0.006,-0.0339455940481,0.0643321164622,0.0617173120877,0.239884019757,0.0204081632653,-0.0072,-0.0203219489603,0.00746821731942,0.0356053878959,-0.296127774166
2016,4,0.00344926099268,0.006,0.014841556359,-0.0463693657025,0.0264996853444,0.0833450222787,0.0,0.0033,-0.0161153094466,0.010751471254,-0.00140275576566,-0.0977100028943
2016,5,0.00249536306277,0.006,-0.00129870130091,0.00401592294654,-0.00481046312138,0.137919455316,-0.06,-0.0011,0.0106112213256,0.0103571828463,0.0114178237056,0.0386267523572
2016,6,0.00265203245921,0.022,0.0290223430674,-0.0907594668724,0.00887918607811,0.0439457614823,0.0425531914894,0.0036,0.00364953903591,0.00881032858647,0.0158027876936,0.19670884083
2016,7,-6.66461174472e-05,0.022,0.0495778045843,-0.0909858924742,0.0311967492617,-0.0829768229485,0.0,0.0009,0.00685952848383,0.00620674502911,0.0498641441321,-0.259699774957
2016,8,0.00212865224237,0.022,0.000384763370417,0.0436928637218,0.0132998963703,-8.24931528265e-06,0.0,-0.0007,-0.00927362877089,0.0035482286151,-0.00102853820483,-0.0576763903636
2016,9,0.00186225157855,0.028,-0.00225013082121,0.0444494271263,-0.00908903951873,0.00952214578184,0.0204081632653,-0.0015,0.00781046086807,0.0016862489121,-0.00894094250941,0.146776000625
2016,10,0.00269690519756,0.028,0.0196019300359,0.0794701413347,-0.0067989347519,0.1042390549,-0.02,0.0018,0.00930376322319,0.000488732011947,-0.0457808783147,0.0257191654657
2016,11,0.00171310108538,0.028,0.00621118012422,0.225399402067,0.010249438712,-0.0836146232619,-0.0612244897959,-0.0022,0.0237365227188,0.0012483716891,-0.0250417532928,0.0446309053545
2016,12,0.00290398668214,0.018,0.322751322751,0.158414103621,0.0377107954067,0.139878258154,0.0217391304348,0.008,0.0157314164161,0.00102997777416,-0.0673242855102,-0.181397674709
2017,1,0.00512389613813,0.018,0.222666666667,-0.0258476525684,0.0126798647112,0.00848806002876,0.0212765957447,-0.003,-0.000664059085201,0.00129968590924,0.0376818549447,-0.0692635155787
2017,2,0.000303243890045,0.018,0.000401767778626,-0.00422983939017,0.0240842780412,0.0162256149329,-0.0208333333333,0.0024,-0.0145668771069,0.00200108166577,0.0339845011531,-0.00671694742645
2017,3,-0.00157720952716,0.012,0.20031430068,0.0264876877751,0.015842517201,-0.0708575205007,-0.0425531914894,0.002,-0.00438219815701,0.00820424245695,-0.00289723166941,0.0318545538287
2017,4,0.00151815425268,0.012,0.151907131012,-0.0780948898451,-0.00317417181266,0.029058620293,-0.0222222222222,0.0109,-0.00734579612448,0.0108678194764,0.0323712153384,0.104093780952
2017,5,-0.000721054378152,0.012,0.000401364640177,0.00506127008574,0.0152741451734,-0.0504294928754,-0.0227272727273,0.0002,-0.00414736536353,0.0106980192776,-0.0200232541093,-0.173111175054
2017,6,0.000496082587501,0.031,0.149448345037,-0.0489240605777,0.0161310920955,-0.0688847893463,0.0,0.0018,-0.0128403669357,0.00911758541186,0.0114535793605,-0.0320960790115
2017,7,0.000835955940204,0.031,0.109118673646,0.0595832052776,0.00826506395607,0.0327262121473,0.0,-0.0023,-0.0130415418474,0.00659466195867,-0.0178629768521,-0.0236964980511
2017,8,0.00420085491082,0.031,0.000507967563825,-0.047679291043,0.000864081056109,0.0296266970969,0.0232558139535,-0.004,-0.0115705751859,0.00438483363425,0.0377755161839,0.166705847718
2017,9,0.00460731788863,0.032,-0.000940203082363,-0.00348205510547,0.0149082375142,0.0378538535993,-0.0454545454545,0.002,-0.00935229237258,0.00236260914227,0.024207907945,-0.128398199244
2017,10,0.000775187506088,0.032,0.000618429186147,0.0725381173126,0.0257362072952,0.034435620717,-0.0238095238095,0.017,0.0178929902478,0.00133224021316,-0.0261837800278,-0.0299430402855
2017,11,0.00335789571868,0.032,0.0,-0.00208349811655,0.0143169654307,0.0982334788252,0.0,0.003,0.00182628862973,0.00184218606079,0.0008111868565,0.0409879520109
2017,12,0.00201688688053,0.025,0.123547589621,0.0231398566445,0.0272727598186,0.0226628680912,0.0,0.004,-0.00264324612224,0.00229849831443,-0.0120257951183,-0.026182516379
