year,month,LPX,MTH,DHI,FINL,STC,RNR,FBC,RWT,CLI,HELE,TAP,UVV,MD,BMY,EIX,NEE,T,PXD,DVN,CLGX,CAL,FCN,DLX,INGR,CMTL,ORCL
2000,1,10.599,2.5469,2.5095,2.3843,10.7655,9.7189,244.5439,2.1747,8.7853,8.0,17.043,9.9339,2.2813,31.9806,18.2732,11.1905,17.9732,8.244,14.8677,5.5273,3.2766,2.7222,10.4586,8.684,5.446,22.486
2000,2,9.8398,2.8281,2.4369,2.488,11.1737,9.5502,223.8935,2.0986,8.2025,7.0,15.478,7.9593,1.9688,27.6361,16.4694,10.3827,15.8248,8.003,15.7671,5.4109,3.3161,3.2222,9.3055,8.896,7.3155,33.4231
2000,3,11.5578,2.5,2.8295,4.043,12.9084,10.3066,226.0672,2.6404,8.8069,6.875,16.933,7.3213,1.8125,27.5757,10.3914,12.382,17.6588,10.109,20.5788,6.5163,3.8225,3.0,10.5214,9.125,5.9947,35.1393
2000,4,11.1413,2.75,2.8025,4.3799,11.6329,9.2665,236.5909,2.6182,9.1003,6.625,17.991,9.3481,2.0625,25.4069,12.1656,12.1636,18.4673,9.929,20.3934,7.2176,3.2651,3.6111,10.0003,9.101,3.9219,35.9833
2000,5,9.4591,2.7656,2.838,2.9027,10.3063,11.0219,164.2992,2.4176,9.542,6.5625,19.904,11.484,1.7813,26.6788,13.6414,13.508,18.4146,14.382,25.3461,7.7727,3.8026,4.1667,9.9447,9.314,4.1048,32.354
2000,6,9.1438,2.6719,2.9467,3.3951,11.939,11.0855,142.3927,2.569,9.0782,5.5938,21.414,10.4547,2.9102,28.2232,13.2593,13.457,18.5464,12.291,23.7506,6.7174,4.1761,4.6667,9.4915,10.094,5.3647,37.8401
2000,7,8.1454,3.25,3.3676,3.3432,10.8165,11.849,204.3939,2.6149,9.4687,5.875,22.293,11.1413,3.8438,25.1198,12.7337,13.1172,18.0405,10.35,19.4034,7.304,4.5575,4.5833,8.6607,9.517,4.6738,33.8451
2000,8,9.0103,3.9063,4.2728,3.2914,10.9696,12.2739,207.7084,2.9016,9.4687,5.625,21.141,12.993,3.3281,25.7984,13.3932,14.6558,17.7044,13.359,24.8457,7.744,3.4533,4.1944,9.0038,9.565,5.7711,40.9348
2000,9,7.8228,4.5625,4.0789,3.0322,12.5512,16.3919,216.5471,2.8751,10.1918,7.125,22.428,14.7505,3.2188,27.9785,12.5038,18.0592,21.14,13.659,25.5322,9.8251,2.9813,3.5,8.3132,8.701,4.7957,35.4487
2000,10,7.2375,5.75,4.4009,3.1618,12.8574,18.6031,229.8051,2.9929,10.0246,5.75,22.605,14.2196,3.9844,29.78,15.6614,18.1224,24.5722,12.576,21.3936,9.8545,3.1842,3.0556,9.2341,9.609,5.0396,29.7094
2000,11,6.1288,6.2031,4.4157,3.3692,12.2961,18.6869,239.3157,3.1814,9.7936,4.25,26.685,16.0606,4.375,33.8728,15.0465,18.3387,23.4008,13.96,20.9054,10.237,3.4681,3.1111,9.7047,9.274,3.292,23.8576
2000,12,8.7865,9.3125,5.8133,2.4491,18.1126,20.1851,445.2385,3.4305,10.5558,4.875,28.575,17.7745,6.0156,36.133,10.2496,19.8612,20.3393,18.955,25.904,15.5028,4.2538,4.5556,10.5196,11.158,5.0599,26.1645
2001,1,9.676,9.115,5.5974,2.8508,16.335,19.3699,389.1782,3.6721,10.3698,5.75,24.746,16.1488,5.75,30.3622,8.7507,16.055,20.6999,16.849,23.2826,13.9348,5.3532,4.9067,10.9288,9.79,5.8118,26.2208
2001,2,9.2987,7.94,5.4353,2.8767,14.939,19.2566,405.9532,3.7069,10.1206,6.5,23.886,19.358,5.6375,31.1079,9.7741,18.1642,20.4216,16.223,24.2173,14.3356,5.6771,5.1111,12.8851,9.751,4.5722,17.1054
2001,3,8.4462,7.38,5.5966,2.6953,13.7145,18.1326,447.3313,3.9033,10.1961,5.625,23.347,20.2142,5.55,29.1407,8.2915,17.117,19.1073,15.116,24.7465,12.2898,6.201,5.7733,12.5252,9.889,4.2268,13.4863
2001,4,10.7665,10.2,6.4089,3.2966,13.7962,16.5501,406.015,4.25,10.3468,6.16,18.552,20.0046,6.685,27.6095,6.4614,16.7261,17.7626,18.399,25.0909,9.43,6.4904,6.8667,13.7529,9.442,4.2072,14.5486
2001,5,10.3679,10.675,5.4687,4.184,14.0003,17.8884,434.2455,4.7058,10.6173,9.13,18.592,20.5836,6.8275,26.7418,7.1042,16.4241,18.5377,20.315,24.7507,9.6806,6.5956,8.4889,14.8581,11.041,4.4706,13.7744
2001,6,10.3502,11.5,6.0203,5.1792,15.9105,19.2955,375.8067,4.6159,11.0036,8.84,17.976,20.5009,8.3,25.7853,7.3141,16.9767,17.2502,16.415,22.3422,8.9526,5.9675,9.6889,15.4962,12.375,4.5519,17.1054
2001,7,9.3708,14.435,7.3066,4.4535,16.1227,18.8656,608.4198,4.7133,10.9365,13.95,18.015,20.5299,8.2125,29.3083,9.2099,15.2258,19.5114,16.358,23.0699,8.4213,5.0319,9.5067,16.9118,11.485,4.7307,16.2772
2001,8,9.4121,12.375,6.7066,4.043,14.286,18.6983,594.3585,4.749,11.4103,12.17,16.659,22.1143,9.3375,29.2312,8.9278,15.48,17.7262,16.849,19.6909,8.6822,4.9922,11.1333,17.7966,12.761,5.1696,10.9925
2001,9,5.7607,9.25,5.5428,4.4991,15.9187,23.3002,624.6443,5.0433,12.2394,10.45,16.192,17.3923,10.1975,28.9292,8.6327,15.2522,20.417,13.7,14.6563,9.643,3.7837,13.0667,18.7293,11.147,4.7892,11.3256
2001,10,6.3811,11.025,5.9513,4.2089,15.5921,25.284,677.374,5.1793,12.4892,10.05,17.901,17.021,7.26,27.9632,9.3214,15.124,16.606,16.377,16.318,7.9287,3.667,13.1778,18.9788,11.678,4.3893,12.2079
2001,11,6.8065,11.1725,7.4611,5.3409,16.5636,26.0084,596.0288,5.2505,11.8043,10.7,20.595,19.2842,8.7875,28.1253,9.9052,15.9401,16.2879,16.127,14.6521,8.5001,4.9004,14.5244,21.6369,12.629,3.9114,12.631
2001,12,7.48,12.825,8.6434,6.3402,16.1227,25.1108,545.8626,5.2268,12.4973,12.41,19.284,19.1631,8.48,26.6814,9.9052,16.2278,17.0679,18.543,16.4912,8.9584,5.4501,14.5778,22.7647,13.715,4.0317,12.4329
2002,1,7.6573,14.3375,9.9695,6.1785,16.2452,25.5978,534.7446,5.436,12.9536,14.9,19.02,19.4298,8.35,23.867,10.1348,15.4251,16.4239,16.772,15.881,8.8341,5.3495,19.96,25.1901,11.155,3.6253,15.5389
2002,2,8.9423,15.6775,10.6416,6.7217,13.8778,28.6261,642.1348,5.5913,12.9289,12.3,21.928,19.5042,9.6625,24.7245,10.3644,15.4506,16.5949,19.082,18.6374,9.4603,5.8059,21.5067,26.157,11.964,3.1343,14.9627
2002,3,9.5184,15.975,10.0548,7.6506,16.3268,27.2176,633.4279,6.0095,14.2567,14.2,24.45,20.9064,10.19,21.2999,10.9876,17.3241,16.4195,21.46,20.618,10.21,6.5648,20.6533,25.5279,12.567,3.4367,11.5236
2002,4,10.3692,22.4,10.3215,8.4053,15.4289,30.9699,807.7495,6.367,13.7293,13.81,24.225,22.7742,11.7475,15.2621,11.906,18.4704,13.7207,23.097,21.0622,10.6035,6.8651,23.88,24.2145,12.918,3.5017,9.0389
2002,5,9.35,21.2,9.8322,6.4481,16.2044,29.4432,773.6385,6.5104,14.5791,13.1892,24.259,21.7509,9.5125,16.4915,12.2405,18.3249,15.1476,23.232,22.318,10.6515,8.1308,20.3933,25.1672,13.231,3.1993,7.1303
2002,6,9.3855,22.825,10.4377,7.4308,16.7758,29.1249,945.5581,7.1266,14.713,11.64,22.645,19.6615,6.25,13.6193,11.1516,17.6225,13.4734,25.081,21.0718,11.077,9.5198,23.34,21.6346,12.185,2.2434,8.5257
2002,7,7.0192,16.39,8.9019,5.4529,14.8166,31.0347,832.5932,6.3574,13.3325,12.75,21.958,18.9155,7.45,12.5526,8.5933,16.6413,12.3238,23.309,17.8221,9.1746,7.3889,26.8333,21.6346,10.748,3.0335,9.011
2002,8,6.8685,17.96,8.3497,3.6905,14.6125,27.8836,942.2098,6.751,14.2954,11.96,21.9,20.7378,8.3975,13.367,7.8586,16.937,11.0228,23.964,20.0969,10.3401,6.8807,24.28,25.4973,10.963,2.6661,8.6337
2002,9,5.7341,17.725,7.489,3.7403,17.4289,30.1926,849.8363,6.3537,13.6904,11.4,20.533,18.9642,7.7475,12.7508,6.5598,15.9637,8.9554,23.347,20.6526,9.8785,6.0946,26.5067,25.2729,11.298,2.2922,7.0762
2002,10,5.9734,20.0,7.7751,3.7278,16.9391,32.7572,790.3067,6.2329,12.556,9.65,24.975,19.2429,10.0,13.3375,6.5926,17.5007,11.5814,23.944,21.6156,9.8882,6.5883,27.7333,25.9235,11.581,2.406,9.1739
2002,11,7.9409,16.55,7.7105,4.412,16.8983,32.671,751.9134,6.3189,13.0385,10.16,23.729,19.3413,10.155,14.3618,7.2748,17.6187,12.8632,23.742,19.5996,9.9075,8.2056,27.34,24.5448,11.66,3.0595,10.9385
2002,12,7.1432,16.825,7.0004,4.3747,17.4615,31.749,894.3091,6.6171,13.1688,11.64,22.408,20.1936,10.015,12.6992,7.7733,18.0172,12.2358,24.31,19.6669,10.7823,8.1476,26.7667,23.8096,11.88,3.5111,9.7231
2003,1,6.4697,16.445,7.7343,4.8599,17.9758,31.4845,955.5858,6.7365,12.6495,12.92,22.024,20.3705,9.1875,12.9406,8.0882,17.4958,11.13,23.376,19.4098,11.0591,8.9648,27.4333,22.7577,11.809,3.6578,10.8304
2003,2,7.7193,15.8,7.4144,5.1501,18.7759,29.8534,1004.0275,7.3505,12.8271,13.09,17.673,21.0213,7.0625,12.7815,8.1079,16.9572,9.4723,25.177,20.6524,11.2194,9.2793,28.6667,23.0093,11.849,3.6903,10.7674
2003,3,7.028,16.765,7.7748,6.22,18.9473,32.2445,1096.0178,7.9195,13.7458,13.1,17.82,20.8283,6.285,11.5911,8.9803,17.8412,9.1353,24.166,20.6822,11.9021,9.2901,30.8133,22.9123,11.538,4.2268,9.7672
2003,4,7.161,19.075,9.597,6.9954,21.78,35.6582,1375.7372,8.0998,14.2986,14.15,19.668,21.7415,7.9675,14.1922,9.5707,18.4285,10.8017,23.03,20.2869,12.9265,10.0314,30.1667,25.1276,11.822,4.7177,10.6954
2003,5,8.5435,23.59,10.6764,8.1192,22.8167,36.1143,1645.897,8.9089,15.5717,15.06,20.317,23.3172,9.39,14.2255,10.6793,20.124,11.7728,25.745,22.3263,13.2094,9.7643,24.4733,27.0417,12.242,6.9257,11.7127
2003,6,9.607,24.63,11.4114,9.2968,22.7351,36.7768,2042.0339,9.8842,16.4823,15.16,18.067,23.551,8.9125,15.0868,10.7777,20.4196,11.8144,25.129,22.9274,12.9023,10.2637,24.97,25.7924,11.921,9.1656,10.8124
2003,7,10.768,22.19,11.4317,9.3839,23.6657,34.4096,1654.5068,10.1046,16.9756,18.3,18.952,23.9232,10.1825,14.7106,10.7646,18.8374,10.9604,23.107,20.3384,11.83,10.274,22.0,25.5621,12.425,8.8128,10.7944
2003,8,11.6543,22.48,12.6708,11.2416,23.8862,33.7713,1631.1216,10.699,16.9664,21.699,20.423,23.5246,11.18,14.2446,12.3717,19.0772,10.5381,24.416,22.219,11.8398,10.677,25.0,24.798,12.516,11.856,11.5507
2003,9,12.2126,23.625,13.3141,10.9057,23.0535,36.9955,1931.4247,10.6663,18.0729,24.33,19.908,23.6537,11.5125,14.4074,12.5292,19.4905,10.4396,24.512,20.7111,12.2677,10.9519,17.35,23.3113,12.683,11.6561,10.1282
2003,10,16.8566,29.55,16.2356,12.6971,25.429,36.4685,1876.7221,12.4776,17.6606,22.44,20.756,24.672,13.3625,14.4017,12.9293,19.657,11.4417,25.466,20.8443,14.1153,11.9538,19.9,23.4449,13.495,14.3628,10.7764
2003,11,16.0324,31.575,17.8265,12.6763,31.5353,38.8846,1862.4152,14.5683,18.6961,22.65,20.484,24.1851,13.415,14.9581,13.395,19.7843,11.1077,27.305,21.2139,14.5833,12.0678,21.97,24.1422,13.801,16.26,10.8214
2003,12,15.8463,33.155,17.647,12.4275,33.4932,39.8902,1815.6009,14.154,19.5021,23.14,20.852,25.006,13.7725,16.3994,14.3856,20.3665,12.4389,30.742,24.6322,14.7409,13.1427,23.37,24.2183,13.764,14.041,11.9108
2004,1,18.8507,32.45,17.2417,14.0986,38.6142,41.9315,1964.7819,15.3175,19.3022,28.72,21.016,27.904,14.7,16.084,14.5643,20.4693,12.3088,30.732,24.2881,14.8845,12.817,15.0,23.6675,14.052,15.6748,12.478
2004,2,21.9647,37.04,19.5058,14.3516,30.148,43.0619,2191.0963,16.9096,20.249,29.13,25.272,28.789,15.5625,15.9521,15.2859,20.6305,11.5896,30.925,24.4257,15.1271,13.6486,16.42,23.2908,15.143,13.8117,11.5867
2004,3,22.9151,37.125,21.7393,15.268,32.4607,42.4368,2194.501,17.6492,21.3671,31.01,25.894,29.0174,15.75,14.0562,16.2174,21.0076,11.8454,31.197,25.0598,15.1384,12.6579,16.66,23.7166,16.031,11.3147,10.8034
2004,4,20.9522,33.925,17.6712,13.8872,29.322,42.9999,1747.9008,12.3349,18.0231,33.22,24.5,28.9011,17.875,14.5609,15.6232,19.9925,12.1692,31.593,26.3742,13.4962,12.71,16.45,24.4322,17.033,7.891,10.1282
2004,5,20.5874,34.095,17.7819,13.8042,28.207,43.2917,1844.5786,14.1546,19.2825,33.43,24.106,27.0718,16.525,14.6595,16.1173,20.0334,11.5828,29.893,25.5812,12.9189,14.3604,16.75,25.5478,17.386,8.6714,10.2633
2004,6,21.0776,34.4,17.4743,12.5105,27.8931,44.1927,1721.937,16.003,19.9677,36.87,27.057,29.3038,17.4625,14.3761,17.2066,20.2916,11.8516,33.882,28.4898,12.9623,14.2561,16.5,25.9535,18.705,11.0026,10.7404
2004,7,21.1043,30.95,17.0005,11.8055,29.2807,43.4145,1703.7475,16.3163,20.0412,31.36,25.718,27.9675,15.81,13.4372,18.0343,21.3641,12.5468,34.819,29.9963,13.448,11.2259,17.26,26.2817,17.327,9.7053,9.462
2004,8,22.0867,33.405,19.0913,12.0505,30.181,39.5689,1870.0513,16.9744,22.1777,27.0,25.695,26.1698,17.525,13.9243,18.0881,22.1776,12.7696,32.308,27.9761,14.5044,9.237,17.88,25.7089,18.545,8.8323,8.9758
2004,9,23.2045,39.3,20.4303,12.8439,32.5433,42.414,1864.3863,18.1381,21.7072,27.22,25.482,25.8857,13.7125,14.0541,17.9744,21.8956,12.8488,33.402,30.697,15.5112,8.762,18.9,24.6858,18.574,13.2167,10.1552
2004,10,21.9168,44.35,18.5645,14.385,35.0378,38.4999,1830.2176,17.4814,21.9558,26.55,25.024,26.779,14.0625,13.9116,20.6798,22.0815,12.6525,31.387,31.9766,15.6924,9.5452,18.76,22.9226,19.823,13.3679,11.3976
2004,11,21.9688,46.8,21.7885,15.3067,36.0537,41.4026,1909.0685,18.5607,21.742,28.14,28.18,28.4753,15.575,13.9531,21.629,22.751,12.6074,34.099,35.8111,16.5778,9.9717,20.17,24.0164,21.926,15.3529,11.4696
2004,12,24.0068,56.35,24.9445,15.2235,34.7587,42.9874,2002.9197,20.006,22.8803,33.61,28.47,27.9839,16.0125,15.2119,21.8879,24.1808,12.908,34.003,33.6938,17.7558,10.4657,21.07,22.6741,21.636,18.3425,12.3519
2005,1,22.9833,64.65,24.6732,16.8873,33.6404,41.4438,1862.8926,18.2564,21.1568,31.96,28.067,27.8853,16.6975,14.0742,22.1885,24.7922,12.054,37.19,35.2088,18.6856,10.1605,19.37,23.245,23.72,16.0162,12.3969
2005,2,23.6762,73.23,27.1418,17.0413,33.3734,39.306,1821.2389,18.3466,22.2756,28.33,26.284,29.62,17.1325,15.0289,22.1954,25.6689,12.2062,40.851,40.507,18.4683,11.7182,19.0,23.9593,22.597,17.5378,11.6587
2005,3,22.6578,58.92,24.1811,19.2819,31.3121,38.7054,1753.9938,16.719,21.3432,27.38,29.172,27.0062,17.1475,15.4597,23.9002,26.2074,12.0185,41.484,41.4055,16.7387,12.0573,20.64,24.4625,21.055,25.4093,11.2356
2005,4,22.1711,63.29,25.2231,15.009,30.0603,37.1058,1708.2374,16.3727,22.5045,27.94,23.343,27.1856,17.0225,15.7876,24.9878,26.6447,12.2374,39.484,39.1683,18.192,10.8716,22.08,24.5055,17.839,25.6849,10.4073
2005,5,22.8131,72.72,28.6735,16.612,32.7558,39.0369,1772.8346,16.8987,22.5557,22.93,22.223,26.4412,18.4075,15.399,25.2976,26.5337,12.0214,38.969,39.8013,19.6657,12.3493,21.99,25.048,17.896,26.4603,11.5236
2005,6,22.2695,79.5,31.1949,15.778,35.0508,40.9845,1719.4504,17.0866,23.1747,25.46,23.565,26.072,18.385,15.3381,28.0889,27.696,12.2117,40.863,44.0156,20.4887,13.8114,20.9,25.1658,19.305,23.8706,11.8838
2005,7,24.2989,92.95,34.0731,15.0859,39.2736,37.4054,1674.0344,17.9807,24.8556,23.44,23.831,28.6752,19.605,15.3381,28.3175,28.394,12.7421,42.077,48.7141,22.4335,13.9173,24.1,24.7939,19.557,25.8604,12.2169
2005,8,23.0294,78.29,30.689,12.0439,40.1165,37.7134,1566.8526,16.6595,22.853,22.76,24.491,25.0202,18.5325,15.025,31.1922,28.6082,12.5493,47.971,52.7787,21.2391,12.6296,24.9,24.8891,18.298,25.6775,11.6947
2005,9,25.2148,76.66,30.1071,12.1859,42.7286,36.5638,1483.701,16.3229,23.3148,20.64,24.452,23.343,19.205,14.7732,32.9306,31.6025,12.4919,53.45,59.6846,23.4071,11.6755,25.26,25.1522,16.447,30.3375,11.1635
2005,10,22.7016,62.27,25.5835,13.0629,42.5033,31.6474,1236.7247,15.6312,22.4413,17.95,23.57,22.7516,19.265,13.1531,30.479,28.5883,12.599,48.711,52.5023,22.4589,11.488,27.37,20.8746,19.416,28.0624,11.4156
2005,11,24.6753,66.47,29.5432,14.4375,42.1945,37.5672,1388.781,15.5115,23.2411,18.02,25.561,24.5382,21.14,13.414,31.4262,28.3779,13.1589,49.567,52.3457,24.1144,14.559,28.36,20.5579,18.144,31.8957,11.3436
2005,12,25.1327,62.92,29.7849,14.5714,41.212,37.0553,1340.6708,15.081,22.7307,16.11,25.714,26.3491,22.1425,14.2777,30.5649,27.8223,12.9371,49.898,54.4419,23.3083,15.0461,27.44,19.1062,19.537,22.349,10.9925
2006,1,26.9443,60.5,31.1923,15.0147,45.2595,38.0634,1413.2905,15.8815,23.8787,19.16,23.991,28.9963,21.92,14.3323,30.7121,27.9763,13.8935,51.679,59.3778,24.0904,15.9645,27.05,16.9763,22.302,23.3,11.3166
2006,2,26.1547,58.53,28.5094,14.0224,39.7555,37.4249,1438.4281,15.1541,23.9748,20.01,24.208,24.9583,23.595,14.5272,31.0905,28.07,14.7715,40.964,51.0382,21.6927,16.9148,27.94,15.9441,22.048,22.8976,11.1815
2006,3,25.0231,54.96,27.7655,13.7795,39.8656,36.8238,1420.5375,16.0922,25.6301,21.2,26.473,22.565,25.66,15.4769,29.0474,27.1177,14.4771,43.186,53.3549,20.2442,18.6533,28.53,16.8453,24.249,21.3394,12.3249
2006,4,25.3727,65.58,25.0909,13.8046,36.5802,35.4984,1505.2053,15.7765,24.4668,20.66,28.494,23.6339,25.31,16.1437,28.5043,26.7528,14.2071,41.791,52.4304,22.0225,20.2758,28.74,15.3455,22.961,20.8127,13.1352
2006,5,22.4434,53.59,22.107,10.7432,32.1855,38.031,1518.3759,17.0729,23.2008,19.19,25.117,22.8827,23.095,15.6158,27.679,26.9082,14.1258,39.829,50.0317,21.6969,18.7563,26.39,14.0796,21.879,21.9905,12.8021
2006,6,20.2601,47.25,19.9768,9.929,30.746,41.0895,1515.7326,18.4136,24.8456,18.4,26.319,23.1062,22.65,16.4491,27.6997,28.2127,15.1177,45.294,52.8065,21.9483,18.2149,26.77,11.4524,25.163,21.4126,13.0451
2006,7,18.5024,38.77,17.9724,10.3235,29.1117,43.9299,1382.7736,17.9422,26.5023,17.93,27.703,22.1877,21.2,15.4145,29.3901,29.4126,16.4521,44.26,56.5041,19.2171,17.3063,26.25,11.1379,27.351,20.3079,13.4773
2006,8,18.2359,40.95,18.519,9.3631,28.8831,43.6671,1380.8742,18.3419,29.1575,16.97,27.383,24.267,22.9,13.9869,30.9953,30.5663,17.0775,40.707,54.6247,21.0915,17.0765,22.34,11.9091,28.37,23.9438,14.0985
2006,9,17.4994,41.61,20.2248,10.6166,29.442,47.3254,1396.258,19.2563,28.4169,17.56,26.838,22.9478,22.8,16.0255,29.7647,30.9445,17.8619,38.311,55.297,22.0781,19.2015,25.06,11.3641,26.824,24.4924,15.9711
2006,10,18.441,45.78,19.9134,10.9026,31.3811,46.3039,1442.3201,21.0149,29.3834,24.61,27.726,23.4036,22.465,16.0977,31.7662,35.0704,18.9819,39.888,58.5282,21.2907,20.8731,28.41,15.0658,29.832,26.0799,16.6283
2006,11,19.8187,48.56,22.6416,11.7478,33.0746,50.1172,1444.2394,23.0456,30.3499,23.63,27.814,29.601,24.075,16.1498,32.867,36.9145,18.7935,42.65,64.2461,20.1331,25.4163,26.88,16.527,29.94,25.9848,17.1504
2006,12,20.2226,47.72,22.5141,12.0343,37.4476,51.2486,1438.2807,23.6805,28.328,24.26,29.911,31.1519,24.45,17.1189,32.7154,37.6902,19.8133,38.869,58.8315,21.3056,25.6183,27.89,16.9163,28.472,27.8503,15.4309
2007,1,21.5188,44.45,24.8296,10.7618,36.3076,45.5002,1406.2974,25.9148,31.2981,24.11,31.617,30.9947,26.27,18.9268,32.3558,39.2347,21.0755,40.152,61.4714,22.1959,29.1654,27.41,20.0847,28.307,26.3359,15.4489
2007,2,19.5243,38.76,21.6682,10.7323,35.1072,43.8005,1337.4848,22.017,29.0705,23.16,33.166,33.778,27.05,17.3424,33.8088,41.2167,20.6107,37.694,57.6212,24.7151,27.5287,33.57,20.8814,26.414,25.1289,14.7917
2007,3,18.9756,32.12,18.7974,10.6395,36.0917,43.0108,1167.7324,21.5733,26.7924,22.71,37.165,39.3446,28.53,18.2496,35.5467,42.6604,22.0836,42.352,60.8408,26.6775,22.5899,33.59,22.6807,29.415,28.3331,16.3222
2007,4,18.6446,34.81,18.9512,11.1377,34.7358,46.4507,1153.0746,20.7589,27.9213,22.7,37.031,40.4805,28.525,19.1653,37.8764,44.8921,21.884,49.317,64.0489,27.0878,21.767,36.77,25.6029,32.995,27.6893,16.9254
2007,5,19.538,34.69,20.1011,10.8298,34.2176,50.3451,1256.6559,22.1563,27.5336,27.3,36.096,41.0553,28.81,20.1282,42.1597,44.5852,23.3648,50.712,67.4856,28.166,23.9131,37.08,29.7177,33.998,32.7517,17.4475
2007,6,18.0322,26.75,17.1422,7.7078,34.399,53.3784,1186.9468,20.3092,24.7968,27.0,36.446,39.3438,27.575,20.9583,40.8205,39.8371,23.4552,47.854,68.9362,26.1531,19.6738,38.03,27.6354,37.739,33.9587,17.7446
2007,7,17.6509,19.5,14.0372,5.7195,31.5058,49.5121,1053.9694,12.0898,22.3373,22.21,35.059,35.9092,26.98,19.0338,38.4711,40.5322,22.3262,44.7,65.6959,24.4571,16.9395,41.03,25.6959,37.05,31.8006,17.2135
2007,8,18.0064,18.12,13.1147,4.7719,32.0067,49.3227,1211.5723,15.6706,24.166,22.65,35.394,31.9547,29.825,19.5296,38.3402,41.6095,22.731,40.328,66.3123,22.1007,18.4765,52.52,26.0647,37.532,31.1349,18.2578
2007,9,16.3144,14.12,11.1185,3.672,29.5971,56.5403,966.3173,14.2592,23.7841,19.31,39.434,31.8376,32.71,19.3085,40.5395,43.0521,24.1221,44.328,73.3904,19.4634,15.7462,50.31,25.2558,38.088,39.1308,19.4912
2007,10,15.8241,16.09,11.0143,3.1728,25.0457,50.429,803.4437,11.3103,23.2726,18.0,45.285,31.9642,32.75,20.2875,42.5134,48.3841,24.0288,50.28,82.3878,15.998,16.5579,54.3,27.6552,35.406,39.6868,19.9593
2007,11,14.9203,13.67,10.5136,3.1728,23.3789,51.0946,625.6731,13.8961,20.9801,18.13,42.734,35.2039,32.33,20.044,40.927,49.6312,21.9703,43.924,73.0464,18.1665,13.7739,57.0,21.8206,32.734,36.329,18.1678
2007,12,13.2711,14.57,11.5676,2.0475,23.1724,52.2633,697.0,15.9101,19.9866,17.14,40.972,33.5906,34.075,17.9401,39.237,48.2225,23.8965,48.132,78.5536,18.2486,12.3661,61.64,22.7186,30.587,39.5112,20.3284
2008,1,14.8136,16.04,15.16,1.8952,30.4021,49.4524,820.0,19.2882,21.2807,17.0,35.455,32.953,33.915,15.7567,38.2298,45.7822,22.3471,41.292,75.1432,23.3082,14.0127,55.31,16.8127,28.216,32.7736,18.5009
2008,2,10.683,15.14,12.4472,2.3944,26.4408,47.6304,716.0,15.5291,20.6636,15.79,42.959,37.6501,33.005,15.476,36.3183,43.1901,20.2221,44.14,90.755,18.6284,11.9666,63.5,14.5478,30.645,31.7348,16.9254
2008,3,9.0138,19.32,13.9731,4.0273,24.8599,45.2296,722.0,17.2369,21.3945,16.77,41.852,43.3529,33.7,14.5794,36.2644,44.9452,22.2368,48.547,92.3222,18.2609,12.3536,71.04,13.4164,31.004,28.5306,17.6096
2008,4,11.3016,18.97,13.7424,5.5588,21.7513,44.8201,612.0,15.7859,23.8042,16.91,43.659,42.776,34.01,15.2511,38.5948,47.4883,22.7077,57.057,100.3483,17.6475,13.6734,64.0,14.8482,38.843,28.3331,18.7709
2008,5,12.0856,17.3,11.3314,6.7094,21.0052,45.4474,475.0,16.004,23.5724,17.87,46.334,33.0599,26.915,15.8203,39.3789,48.3694,23.4057,70.953,102.5959,18.0618,13.8456,60.06,15.9036,39.371,33.8709,20.5625
2008,6,8.452,15.17,9.6731,7.3609,17.1772,39.1014,301.0,11.0807,20.8455,16.12,43.402,30.1344,24.615,14.2515,38.233,47.2995,19.7629,77.367,106.4763,14.3131,11.1578,68.46,12.5789,41.243,35.8461,18.906
2008,7,8.4221,18.05,9.9139,9.18,15.5075,44.5285,444.0,10.6139,23.8607,20.56,43.115,34.7281,24.325,14.8825,35.9709,46.5422,18.2974,58.757,84.084,13.6625,13.2906,71.16,10.0942,39.06,35.9412,19.3831
2008,8,9.6964,23.42,11.1844,10.2559,16.6177,44.3885,443.0,9.1164,25.129,24.05,38.226,34.9299,28.475,15.0376,34.1701,43.6375,18.9982,62.433,90.4287,13.7004,12.5165,73.4,11.8211,37.615,33.4466,19.7433
2008,9,9.2583,24.7,11.6871,8.4745,26.4231,45.7172,298.0,10.8844,21.0569,22.77,37.504,33.026,26.96,14.6923,29.9175,36.5462,16.5811,51.813,80.9544,16.1085,13.5494,72.24,10.3032,27.238,36.0217,18.2848
2008,10,4.7785,13.73,6.6245,8.1182,14.7436,40.3542,190.0,7.6336,14.397,17.99,29.971,26.9182,19.325,14.6994,26.6859,34.3229,16.1491,27.581,71.776,11.1449,8.7186,58.25,8.7065,20.522,35.4218,16.4662
2008,11,2.2996,12.4,6.1667,4.5343,10.3916,41.4356,71.0,6.5367,12.0207,15.66,35.836,21.7372,15.56,14.8067,25.0438,35.7563,17.2289,19.901,64.2131,13.1162,4.6653,54.84,7.7098,23.121,34.6976,14.4856
2008,12,1.553,12.17,6.3791,4.782,21.0291,45.551,71.0,7.8528,15.5249,17.36,39.423,20.3094,15.85,16.8586,24.3265,36.9076,17.1927,16.035,58.4569,15.8968,7.0824,44.68,10.9637,24.344,33.5198,15.9621
2009,1,2.0707,11.02,5.3776,4.0561,13.2853,39.4817,60.0,6.6835,13.2216,10.47,32.452,21.0937,16.785,15.5244,24.6673,37.8022,15.0704,14.509,54.8005,12.0175,3.9217,41.01,8.45,19.624,28.3843,15.1518
2009,2,1.6127,9.92,7.6594,3.5686,13.0615,39.782,78.0,7.1102,11.1134,10.04,28.549,19.8245,14.8,13.3491,20.6154,33.564,14.5501,14.46,38.8497,12.7494,2.9852,36.54,5.7949,17.098,27.6454,13.9904
2009,3,2.22,11.42,8.7924,5.6926,17.4571,43.9147,75.0,8.2054,12.8897,13.75,27.779,20.6385,14.735,15.8942,22.0514,37.5624,15.4255,16.358,39.908,14.7038,3.2191,49.48,7.2287,18.082,18.1206,16.2682
2009,4,4.0518,20.81,11.829,7.3092,20.2413,43.2218,145.0,8.6972,17.8832,15.95,30.996,21.1085,17.95,14.1216,21.8218,39.8281,15.9281,22.963,46.3019,15.5746,5.5197,54.88,10.8843,20.385,24.4851,17.4568
2009,5,4.3206,20.87,8.3826,5.9679,13.7866,40.6548,95.0,8.5101,16.4517,19.33,35.839,25.9167,20.25,14.6512,22.3805,41.8569,15.4121,27.929,56.4731,12.6571,6.9705,50.22,10.8128,22.525,21.3175,17.6824
2009,6,3.4047,18.86,8.5191,6.4084,12.7571,41.5479,68.0,8.0257,15.18,16.79,34.487,23.1732,21.065,14.938,24.3173,42.4489,15.4432,25.327,48.7908,14.495,6.2753,50.72,9.7958,22.967,23.3219,19.3342
2009,7,4.2011,21.4,10.5488,7.5138,12.3274,44.86,90.0,8.8358,18.9564,21.75,36.833,27.0008,23.175,16.2376,24.982,42.3071,16.5869,28.356,52.0047,16.5313,6.7173,54.43,11.9675,24.004,23.3146,20.0239
2009,8,7.4963,22.41,12.2422,7.1506,12.6855,48.6095,80.0,8.7162,21.7547,21.62,38.802,26.1568,26.035,16.5289,25.8245,42.2869,16.4731,28.764,54.9501,17.6334,6.5006,43.54,12.9629,25.427,24.9533,19.7977
2009,9,6.6401,20.3,10.4164,8.8061,11.0741,49.0978,103.0,8.5616,21.9584,19.43,39.866,29.6604,27.46,17.0513,26.1938,41.5718,17.0801,36.086,60.4245,18.2317,7.0165,42.61,13.2654,24.572,24.3022,18.8567
2009,10,5.2265,18.24,10.0056,8.7888,8.0034,47.0715,90.0,7.7,21.3179,22.84,40.104,29.8107,25.96,16.5061,24.8209,36.9577,16.4817,40.879,58.0732,17.1165,9.0724,40.81,11.039,24.279,23.4975,19.138
2009,11,6.212,17.83,9.3848,7.6956,9.2836,47.7708,70.0,7.9375,21.1388,20.55,37.219,30.7568,28.105,19.1637,26.5604,39.4766,17.2971,41.117,60.4425,17.8656,8.9762,46.26,10.183,24.158,21.0249,20.0268
2009,12,6.9487,19.33,9.9593,10.913,10.1472,47.8723,60.0,8.1233,23.8113,24.46,37.178,32.6921,30.055,19.3579,27.3709,40.1223,17.9969,47.899,66.1269,18.7715,8.693,47.16,11.675,25.302,25.6336,22.249
2010,1,7.0781,22.39,10.8022,9.6435,9.2296,48.8,63.0,8.0334,22.7645,23.57,34.576,32.8447,28.43,18.6756,26.2219,37.0383,16.5267,43.732,60.198,16.7645,10.7891,41.45,14.6904,24.601,25.8677,20.958
2010,2,7.5759,21.39,11.3576,10.5488,12.648,49.8628,64.5,8.0053,23.4065,24.17,33.439,38.3875,26.75,18.7906,25.6789,35.6032,16.1683,46.387,61.9524,18.2726,12.1807,36.74,14.3767,28.202,23.1317,22.403
2010,3,9.0094,21.0,11.5781,14.2658,12.4141,51.355,60.0,8.8088,24.5998,26.06,34.83,38.127,29.095,20.7151,27.1421,37.1081,16.8395,56.045,58.0962,19.3106,13.6981,39.32,15.5541,30.123,23.4244,23.3664
2010,4,11.7073,23.78,13.4986,14.0564,10.2372,50.6221,63.5,9.5286,24.2888,27.01,36.735,37.7869,27.47,19.6367,27.301,39.9644,17.2584,63.817,60.7111,19.7272,16.6359,41.13,16.7955,31.288,22.8537,23.5546
2010,5,8.4619,21.38,11.2318,14.565,9.5355,48.9121,50.8,8.6774,23.3133,25.76,34.221,29.8252,28.275,18.0074,25.7044,38.3366,16.0928,63.389,57.5732,19.4191,14.7599,42.76,17.3916,28.985,21.0761,20.552
2010,6,6.66,16.28,9.0573,12.1856,8.1142,51.1397,31.4,8.497,21.0159,22.06,35.321,28.9568,27.805,19.5976,25.4413,37.8247,16.02,59.16,55.0611,17.66,13.4865,43.59,15.1883,26.444,21.8954,19.5412
2010,7,7.2474,17.58,10.1538,12.518,8.9867,52.0031,32.1,9.0832,23.1261,23.96,37.531,32.75,23.575,19.5819,26.5882,40.5708,17.4797,57.638,56.4801,20.03,12.989,35.35,16.6706,29.097,15.7796,21.5725
2010,8,6.6302,17.86,9.4872,11.5827,9.3826,51.6123,22.8,8.0153,22.1428,22.255,36.554,26.3329,23.17,20.4934,27.0694,42.0675,18.2142,57.538,54.4826,17.27,9.3464,32.78,13.7345,29.787,14.9018,19.9344
2010,9,7.5361,19.62,10.2825,12.2057,10.1832,54.7287,18.2,8.5409,23.4778,25.29,39.625,29.6042,26.65,21.5496,27.8362,42.5843,19.2721,64.753,58.6638,19.16,10.258,34.69,15.7048,32.849,20.008,24.5017
2010,10,7.7053,18.31,9.6444,13.4517,9.7334,55.0025,12.7,8.3755,24.4385,25.65,39.634,30.9579,29.605,21.3827,29.8679,43.0932,19.4971,69.503,58.9175,17.57,10.5084,35.46,16.7802,37.273,22.7345,26.8597
2010,11,8.1633,18.97,9.3172,15.6978,9.5715,55.0207,12.4,8.1688,23.1066,23.62,40.213,30.562,30.6,20.0632,29.9003,40.0167,18.9981,79.769,63.9466,18.21,12.7174,35.64,17.5945,37.772,21.8788,24.725
2010,12,9.4176,22.2,11.0711,15.1174,10.4188,58.3644,16.3,8.9656,24.06,29.74,42.357,30.4051,33.645,21.0488,31.5012,41.0997,20.085,86.45,71.2971,18.52,12.519,37.28,19.114,40.417,20.4754,28.615
2011,1,9.995,22.96,11.498,13.5344,10.3104,60.133,15.8,8.9896,25.8381,28.07,39.555,28.6502,33.075,20.2679,29.6078,42.2618,19.0873,94.755,80.5418,20.05,11.3866,36.47,20.3014,40.531,20.8836,29.3295
2011,2,10.2738,25.81,11.0217,15.3994,10.0754,61.4159,17.5,9.8364,25.0413,27.93,38.833,31.6218,32.465,20.775,30.2933,43.8508,19.6837,101.904,83.0392,18.65,13.9299,32.99,21.4244,42.895,20.1319,30.1261
2011,3,10.4529,24.13,10.8448,17.5074,9.47,63.4766,15.0,9.4891,25.0118,29.4,39.818,32.9224,33.305,21.5388,30.1276,44.0214,21.2304,101.527,83.494,18.5,11.0491,38.33,22.2545,45.66,20.2584,30.6137
2011,4,9.2583,23.91,11.5802,18.9538,9.1628,64.6635,15.6,9.66,26.4101,31.12,41.398,33.1494,35.46,22.8998,32.3342,45.1794,21.8907,101.836,82.7935,18.41,11.4379,39.9,22.7073,48.55,21.253,32.9871
2011,5,8.3424,25.0,11.3743,20.3854,9.461,66.2092,14.2,9.4891,26.44,32.39,39.614,32.2248,37.575,23.4377,32.4083,46.2815,22.2003,91.466,76.4884,18.11,9.3221,38.17,21.7859,49.987,20.87,31.391
2011,6,8.1035,22.56,10.7579,18.9179,9.0634,64.5998,11.9,9.3834,24.6305,34.53,38.258,28.7861,36.095,23.8761,32.1707,46.3299,22.0947,89.224,71.8564,16.71,9.6975,37.94,20.9141,48.854,21.0577,30.1893
2011,7,7.7153,21.85,11.0941,18.8295,9.5784,64.2673,7.3013,8.8932,25.2218,32.25,38.523,28.4171,34.08,23.6288,31.6062,44.548,20.866,92.631,71.7561,15.78,9.1967,36.29,19.9238,44.975,20.4181,28.1016
2011,8,6.6401,18.73,9.8627,17.8157,8.6116,60.5548,6.1,7.7947,23.6146,30.02,37.694,31.4972,32.655,24.5275,30.8756,46.1942,20.3098,77.868,61.8452,11.42,7.494,36.38,18.9553,41.325,21.0924,25.795
2011,9,5.0771,15.14,8.4751,17.7182,7.9881,59.1551,4.8988,7.0784,20.279,25.12,34.127,27.7515,31.32,25.8713,32.027,43.9952,20.3383,65.553,50.6835,10.67,6.5463,36.81,15.9317,34.82,21.2818,26.4107
2011,10,6.6202,17.75,10.4345,17.8157,9.0724,63.1606,7.8,7.3636,21.6361,28.93,36.479,33.5614,32.9,26.3097,33.9946,45.9336,21.2241,83.623,59.3776,12.17,8.192,39.41,20.2316,43.037,25.3026,30.1743
2011,11,7.9442,21.82,11.203,18.7316,9.5333,68.0933,5.2,6.5461,19.6467,29.87,35.269,37.1354,33.7,27.2508,32.9145,45.6103,20.9851,94.228,59.8438,13.28,7.7139,42.89,19.8025,46.134,23.1476,28.8668
2011,12,8.0338,23.19,11.8615,17.1365,10.4849,69.2052,5.05,6.6027,20.5797,30.7,37.832,36.0225,36.005,29.3496,34.9388,50.0858,21.8975,89.184,56.8311,12.93,8.2508,42.42,19.7159,46.844,21.8714,23.6183
2012,1,8.4818,24.2,13.0937,18.7938,12.3912,68.0327,6.9,7.6209,22.5561,32.17,37.267,35.5496,35.61,27.1144,34.635,49.2384,21.6092,98.972,58.4902,14.2,8.7607,42.82,22.1501,49.427,23.8034,26.0335
2012,2,8.1334,25.89,13.5241,20.4812,11.9283,66.9625,7.2088,7.5042,22.4306,32.5,38.18,36.3892,37.195,27.0555,35.3355,49.4493,22.4763,109.278,67.1982,15.38,9.9936,40.07,21.5803,51.084,24.891,26.9979
2012,3,9.3081,27.06,14.3069,18.9043,12.8996,70.7323,9.2,7.4274,22.6032,34.01,39.606,36.912,37.185,28.3843,36.1469,50.7539,22.9465,111.263,65.3746,16.32,8.6202,37.52,20.4868,51.533,25.1301,26.9102
2012,4,9.0094,28.39,15.4197,19.8308,13.3626,72.9086,8.7038,7.7457,22.882,34.6,36.394,36.6855,35.12,28.3491,37.4224,53.471,24.5227,115.481,64.2072,16.7,8.5081,36.34,20.828,51.005,24.0586,27.1869
2012,5,9.3778,30.01,15.6904,18.4184,12.5546,71.9839,7.61,8.0309,21.7029,31.48,33.929,36.1572,30.505,28.3237,38.2302,54.7982,25.4616,96.417,54.7117,16.99,11.1044,31.57,20.4434,45.669,22.4713,24.4774
2012,6,10.8312,33.94,17.3728,18.6774,13.9345,71.2528,8.4,8.4532,23.1609,33.89,36.717,37.0857,34.27,30.541,39.5676,57.7083,26.5718,87.951,53.4912,18.31,12.1327,28.75,22.0527,44.448,22.2379,27.4643
2012,7,10.2738,35.1,16.6639,18.6506,15.4958,69.3592,8.7,8.7309,21.6799,30.46,37.343,36.8374,33.065,30.5316,39.5505,59.4611,28.6077,88.37,54.5335,23.0,12.9315,25.53,25.0414,46.603,21.4671,27.9844
2012,8,13.3599,37.27,17.9868,20.5617,17.9469,72.4152,9.435,9.7063,21.6071,31.44,39.589,38.3662,34.64,28.3103,37.5036,56.95,27.6421,97.075,53.3436,24.6,14.1063,26.01,25.3097,48.317,22.0957,29.3281
2012,9,12.444,38.03,19.5354,20.3557,18.2827,72.4719,11.0,9.9638,21.5262,31.83,40.042,41.1893,37.225,28.945,39.4104,59.5051,28.4418,104.134,55.9912,26.53,15.1325,26.68,27.2634,49.511,21.7186,29.152
2012,10,15.7192,36.98,19.8527,18.6318,21.1695,76.5358,13.8,10.7424,21.3945,30.22,38.345,40.4687,34.49,28.8046,40.4714,59.2767,26.3985,105.381,53.8719,23.8,14.8965,25.96,28.1109,55.427,19.9829,28.8564
2012,11,17.3419,35.02,18.4676,18.5299,24.7825,77.8527,18.26,11.5211,20.81,30.86,37.147,40.7463,39.5,28.2675,39.2293,58.6534,26.0474,106.728,47.8193,25.84,17.9834,30.91,25.9158,58.574,20.2926,29.873
2012,12,19.2334,37.35,18.9191,17.003,23.6882,76.6997,19.4,11.8143,21.4933,33.42,38.338,40.7545,39.76,28.2329,39.2744,59.0631,25.7269,106.319,48.346,26.92,17.4078,33.0,29.0113,58.341,20.3722,31.1093
2013,1,19.3429,44.24,22.6302,16.7425,24.1984,80.8338,15.73,13.3602,22.7581,36.2,40.48,44.8338,42.78,31.6481,41.8817,61.5045,26.8931,117.241,53.1304,26.24,16.337,32.5,33.1056,59.826,21.2712,33.154
2013,2,20.876,40.49,21.3294,16.3398,21.0916,82.5328,13.59,14.1716,23.7716,37.08,39.896,45.9963,42.81,32.375,41.7427,61.9163,27.7588,125.49,50.4084,25.91,15.541,34.74,35.9438,59.944,21.4959,31.9682
2013,3,21.5032,46.86,23.2423,17.6653,23.2054,87.0991,13.93,16.4147,23.9642,38.36,44.155,46.2024,44.815,36.0705,44.0258,66.9217,28.3618,123.975,52.6034,25.86,15.2231,37.66,37.5018,65.836,19.4892,30.185
2013,4,18.0388,48.79,24.9448,17.485,24.6631,88.8981,12.41,16.1598,23.6323,34.88,46.565,47.8794,44.365,35.0777,47.0705,70.6692,29.3038,121.959,51.3354,27.28,16.0889,33.12,34.5488,65.554,19.9868,30.6051
2013,5,17.4913,47.36,23.2997,19.0534,25.228,81.3897,14.01,13.568,22.5516,39.67,44.865,48.7779,46.415,40.6326,40.1936,65.7198,27.3716,138.373,53.0043,26.2,19.7901,37.99,34.0944,62.013,21.4405,31.5388
2013,6,14.7237,43.36,20.3538,19.7771,23.8613,82.4453,13.96,12.2192,20.8411,38.37,43.458,48.1289,45.79,39.4669,42.4434,70.8126,27.6924,144.429,48.5639,23.17,20.5534,32.89,31.5874,60.089,21.8385,28.6724
2013,7,16.1871,45.26,19.2251,20.139,28.1799,82.6163,16.4,12.176,20.7291,42.48,45.455,51.4433,48.71,38.4869,43.9328,75.271,27.9416,154.417,51.4938,27.9,22.6918,37.26,37.3853,61.535,22.2144,30.3191
2013,8,14.893,39.92,17.0731,19.0274,27.8701,83.0248,14.5,12.787,18.6096,40.18,44.59,41.1379,48.685,37.1072,40.4429,70.4123,26.8008,174.582,53.4409,25.7,21.403,33.44,36.0842,57.635,19.6632,29.8598
2013,9,17.5112,42.95,18.5843,22.5769,29.1456,86.2736,14.76,14.3643,18.9026,44.25,45.815,42.7407,50.2,41.1927,40.8888,70.2371,26.7929,188.422,54.2714,27.05,22.4748,37.8,38.2025,60.94,19.9503,31.0876
2013,10,16.9338,45.39,18.1252,22.7312,28.5352,89.3041,16.21,12.7813,17.9592,46.72,49.352,44.9511,54.51,47.0957,43.5253,74.2589,29.063,204.37,59.4017,33.27,21.4885,40.58,43.1818,60.562,24.8762,31.5106
2013,11,16.3265,43.58,19.0147,24.0379,29.0272,90.2476,18.35,13.5546,17.7845,48.71,48.426,44.2136,55.4,46.0734,41.0219,74.6912,28.2682,177.394,56.9587,35.23,24.6389,44.91,45.8106,63.693,26.6329,33.1943
2013,12,18.4271,47.99,21.3485,25.6399,29.4941,93.0401,19.62,14.3437,18.7628,49.38,51.626,46.2819,53.38,47.984,41.4204,75.6007,28.2281,183.701,58.3443,35.53,27.0157,41.14,48.1154,63.446,26.1109,35.988
2014,1,17.4514,48.57,22.458,23.3462,29.7134,86.7029,20.87,13.8476,17.9212,55.04,48.399,43.9168,55.64,45.1131,43.0844,81.1723,27.1076,168.981,55.8453,31.85,22.7339,37.07,44.7596,57.737,25.4434,34.8192
2014,2,18.7058,48.21,23.5292,24.6698,33.7989,91.2909,22.14,14.8843,19.7107,65.31,52.591,49.3337,60.82,48.5437,46.8507,81.339,25.9768,200.777,60.7489,32.6,23.598,29.19,46.7922,61.017,26.7733,36.9045
2014,3,16.7944,41.88,20.7414,24.7337,32.108,93.5706,22.22,15.2222,18.4173,69.23,54.47,47.8275,61.98,46.9006,50.9801,85.1038,28.5313,186.807,63.3352,30.04,25.5443,33.34,48.6369,63.488,26.6479,38.603
2014,4,16.3166,38.58,21.3449,25.1354,27.8763,97.0316,17.6,16.3631,18.3094,62.7,55.497,47.1417,59.25,45.5375,50.9351,88.8686,29.4252,192.926,66.2403,28.03,22.7049,34.3,50.9357,65.698,26.5559,38.6897
2014,5,14.1364,40.11,22.7239,26.2471,29.3204,99.8694,17.01,14.6293,19.5498,57.96,61.177,46.2606,57.63,45.2193,49.6563,87.3025,29.2357,209.786,69.9308,28.53,27.0939,32.27,52.279,71.014,27.5853,39.7687
2014,6,14.9527,42.21,23.5875,27.2267,28.3424,102.8638,18.1,14.8288,19.3072,60.63,69.023,47.8155,58.15,44.1011,52.6537,91.8936,29.145,229.401,75.3768,30.36,27.6062,37.82,54.5998,70.368,31.5201,38.3585
2014,7,13.4793,38.3,19.8642,24.0683,26.9349,94.029,18.3,14.4556,19.099,53.63,62.852,45.2781,59.18,46.3634,49.6545,84.191,29.7141,221.066,71.6744,27.2,27.2009,36.96,51.2724,69.046,28.7848,38.3373
2014,8,14.2061,41.27,20.869,27.1988,29.4484,98.432,17.43,14.7527,19.1352,58.22,69.172,46.0018,57.25,46.3908,53.587,88.9467,29.1881,208.278,71.5985,28.27,28.793,37.1,55.7947,74.794,32.3957,39.4193
2014,9,13.5291,35.5,19.7523,22.9763,26.8252,96.4009,16.83,12.8211,17.2977,52.52,69.631,38.704,54.82,46.8763,50.9925,84.8178,29.4218,196.66,64.9456,27.07,26.2416,34.96,51.6816,71.468,31.6377,36.3345
2014,10,14.5346,36.79,21.9374,24.2981,32.2817,99.621,15.72,14.5301,17.0879,61.85,69.575,39.2492,62.43,53.6743,57.0656,90.5458,29.4716,188.762,57.1537,31.37,25.7193,40.38,56.9659,72.844,32.6916,37.1801
2014,11,15.1717,39.22,24.5966,26.2721,32.4371,94.4052,15.24,15.1178,17.5349,64.66,72.708,35.2713,65.46,54.4676,57.9593,94.9804,29.9284,143.004,56.1725,33.22,31.6873,38.77,55.0333,78.483,34.0827,40.3792
2014,12,16.4858,35.99,24.4036,22.3783,33.9471,94.0104,15.73,15.4546,17.3889,65.06,70.048,38.7905,66.11,54.7881,60.0815,96.7092,28.4142,148.616,58.5519,31.59,31.1663,38.63,58.6112,80.39,27.067,42.8166
2015,1,16.2966,36.41,23.6606,21.7247,32.8107,92.4729,14.21,15.635,17.9407,75.22,71.374,35.8816,67.89,55.939,62.5314,99.3933,28.2425,150.293,57.6528,33.2,27.5214,40.67,61.1345,76.41,28.6291,39.9924
2015,2,16.7546,44.51,26.4177,22.6205,34.4879,99.1451,14.79,14.9996,17.297,76.62,71.72,42.806,71.47,56.5423,58.9529,94.8225,29.6495,152.28,58.9154,33.34,29.0821,36.87,62.9463,77.898,30.9686,41.8349
2015,3,16.436,48.64,27.5494,22.6574,37.2465,96.7259,14.51,14.24,17.7292,81.49,70.359,42.1359,72.51,59.865,57.7068,95.3633,28.0109,163.292,57.935,35.27,31.8676,37.46,65.5284,74.142,25.0851,41.1953
2015,4,15.1717,42.77,24.5701,22.6667,33.4522,99.4027,17.18,13.6981,16.6356,87.61,69.471,42.4863,70.78,59.4916,56.2935,92.5038,30.1454,172.55,65.5239,39.11,28.8558,41.11,61.2437,75.647,25.2872,41.79
2015,5,18.0089,43.86,25.3288,24.2663,34.4329,99.0342,18.74,12.8375,15.6625,87.49,69.736,46.5155,71.18,60.3038,56.1734,94.5164,30.0584,147.633,62.6516,38.98,30.0508,39.3,60.6576,78.095,26.2847,41.6654
2015,6,16.9537,47.09,26.5312,25.7963,36.7217,98.7402,18.48,12.7223,17.0804,97.49,66.344,51.7822,74.11,62.1147,51.7278,90.5359,30.9112,138.505,57.363,39.69,30.9442,41.24,58.9186,76.429,25.4185,38.6093
2015,7,14.6739,45.1,28.7906,25.4903,37.9396,104.3722,20.3,12.5602,19.4724,87.78,68.01,52.0117,84.64,61.6172,55.8508,97.1578,30.6349,126.601,47.6531,39.44,32.1711,40.92,61.2278,84.463,25.4564,38.4071
2015,8,16.3663,42.14,29.5133,24.5384,35.7437,99.1682,20.33,11.8228,17.5009,85.14,65.094,44.8641,80.55,55.8254,54.4268,91.5885,29.2769,122.896,41.1348,37.95,32.4242,39.86,55.3932,82.682,23.5743,35.6665
2015,9,14.1762,36.52,28.5318,17.9595,37.9893,103.7173,20.56,11.4407,17.641,89.3,79.367,45.1923,76.79,55.9229,59.0945,90.7881,28.7302,121.518,35.9798,37.23,29.7935,41.51,53.2256,84.044,18.2109,34.7337
2015,10,17.5809,35.26,28.6095,17.336,37.3021,106.9463,22.24,10.9778,20.4949,99.21,84.224,49.7389,70.47,62.2992,56.7052,95.5439,29.9732,137.002,40.675,38.98,29.8228,34.01,56.8637,91.504,21.6293,37.4978
2015,11,18.3175,37.31,31.4755,15.5223,40.2458,108.0486,24.56,11.3911,22.1337,103.41,88.374,52.0688,71.37,63.3006,55.6184,93.6556,30.1163,144.604,44.6329,36.86,27.4221,37.38,56.3046,94.883,19.7224,37.6233
2015,12,17.9293,33.99,31.2027,16.9164,34.9158,110.7178,23.11,11.1513,21.9924,94.25,90.189,51.6452,71.66,65.338,55.922,97.4352,30.7782,125.254,31.2534,33.86,26.2398,34.66,52.359,92.688,17.9856,35.2676
2016,1,15.6496,33.01,26.7994,17.721,33.1668,110.1895,18.65,9.0984,19.7079,89.37,86.886,50.8939,69.46,59.0407,58.3682,104.7694,32.7079,123.825,27.2491,35.7,26.2985,33.89,53.6646,97.407,17.759,35.1997
2016,2,15.8188,32.47,26.1096,17.1405,31.5674,110.7275,19.2,10.0446,18.8642,95.36,81.883,50.6615,67.04,58.8223,64.375,106.6091,33.5152,120.409,19.2209,34.59,27.7269,32.91,55.4204,97.891,18.6961,35.6554
2016,3,17.0433,36.46,29.5395,19.8499,34.2489,117.5339,21.46,11.2937,22.2768,103.69,92.798,52.8281,64.62,61.0358,68.3579,111.8253,35.5288,140.639,27.089,34.7,27.7505,35.51,60.3243,103.719,21.2617,39.6591
2016,4,16.9238,34.03,29.3733,18.5799,32.8707,108.7849,23.67,11.1901,24.3853,99.53,92.268,51.2079,71.29,68.9662,67.2359,111.1071,35.648,165.981,34.2364,35.48,24.7292,40.3,60.6043,111.78,22.3116,38.7852
2016,5,18.1981,36.49,29.9425,17.1559,35.1363,113.2967,24.24,12.3039,25.034,102.83,95.693,51.3487,68.45,68.5076,68.1107,114.3425,35.951,160.205,35.6284,37.27,23.9935,41.85,63.1817,114.033,21.2421,39.1161
2016,6,17.2723,37.54,30.8439,19.1052,39.399,115.5013,24.41,12.1672,25.7591,102.84,97.967,54.2025,72.43,70.648,74.3206,124.1281,39.6793,151.102,35.8476,38.48,23.817,40.68,64.3846,126.153,11.838,39.8264
2016,7,20.1095,36.39,32.2156,20.5625,40.731,115.58,26.41,12.5724,27.0542,99.61,98.965,56.1917,68.91,71.8583,74.0431,122.1196,40.1979,162.454,37.855,40.28,25.8927,42.84,65.5681,129.886,12.3223,40.0803
2016,8,19.3927,35.9,31.4902,22.8707,43.5567,117.724,28.08,13.0394,26.6321,90.34,99.521,57.0065,65.77,55.1256,69.5841,115.9331,37.96,178.922,42.849,41.02,25.5189,44.29,66.4271,133.513,12.1526,40.2561
2016,9,18.7456,34.7,29.6633,21.93,42.5718,118.4823,27.75,12.7374,26.114,86.17,106.796,55.159,66.25,51.7925,69.5842,117.256,37.7093,185.56,43.681,39.22,24.95,44.56,65.1116,130.21,12.0772,38.3614
2016,10,18.2678,30.95,28.3176,18.7089,43.0506,122.5546,27.43,12.6474,24.7731,81.5,100.97,51.8301,61.25,49.2402,70.7688,122.7009,34.5781,178.934,37.5215,42.56,24.6738,38.96,59.6353,128.36,10.0831,37.6669
2016,11,19.2533,36.05,27.3225,21.4154,45.4354,128.737,28.18,13.6909,26.0947,85.1,95.742,52.643,65.47,54.5888,66.2326,110.3404,36.3075,190.948,47.86,37.73,32.2999,42.7,66.2669,114.866,11.1496,39.4022
2016,12,18.8452,34.8,26.9381,17.9511,44.4334,134.6313,26.94,13.9276,27.9952,84.45,95.038,60.9626,66.66,56.5232,69.8606,115.3923,39.973,179.983,45.2823,36.83,32.4436,45.08,70.0941,122.771,11.4889,37.6963
2017,1,19.0443,36.75,29.4811,16.4146,42.1192,134.7301,25.77,14.1932,27.1709,93.3,94.267,65.5766,68.35,47.8616,70.7243,119.5073,40.0858,180.143,45.1534,35.27,30.3973,42.14,71.3079,125.944,10.4957,39.4778
2017,2,23.4743,35.55,31.6469,15.6546,42.8231,145.9181,28.4,14.9898,28.2667,97.7,98.45,65.2873,71.19,55.2122,77.3814,127.5093,39.734,185.88,42.9919,39.19,29.5274,40.24,72.3189,118.772,11.1608,41.9187
2017,3,24.7088,36.8,32.9424,13.6666,42.8992,143.2706,28.19,15.4759,26.1237,94.2,93.86,68.2286,69.38,52.9437,77.7768,124.9494,39.5058,186.18,41.4276,40.72,26.1748,41.17,70.9234,118.813,14.4181,43.9069
2017,4,25.6247,38.95,32.5271,15.184,46.0647,140.8142,29.24,15.9045,26.3772,94.0,94.037,71.3819,60.36,54.9655,78.1285,130.0011,38.1304,172.944,39.2132,42.74,28.5525,34.59,70.6679,122.157,13.8082,44.442
2017,5,22.1802,39.9,32.4297,13.6585,43.9285,141.4976,28.89,15.7648,25.9481,91.0,93.363,64.5304,54.3,52.9062,79.6917,138.643,37.072,166.815,33.7418,43.3,27.0862,34.53,67.2829,112.558,14.2222,44.867
2017,6,24.002,42.2,34.2948,13.7166,44.3599,138.0382,30.82,16.1396,26.465,94.1,85.04,62.8782,60.37,54.6419,76.9173,137.3589,36.3023,159.537,31.8042,43.38,27.592,34.96,68.3293,118.109,18.6968,49.5623
2017,7,24.9975,40.75,35.4059,13.3197,38.4166,145.841,32.56,16.3575,25.7773,100.75,87.64,62.6782,46.98,56.1885,77.3993,143.2011,38.0128,163.056,33.1373,45.55,27.0953,32.81,71.2709,122.181,17.836,49.5409
2017,8,25.3658,40.7,35.9605,8.1492,35.2689,138.1474,32.82,15.7986,22.4864,90.3,88.805,56.0624,44.85,59.7238,78.8749,148.5009,36.5118,129.615,31.2372,46.97,26.7974,33.91,68.7552,122.677,19.3917,49.9378
2017,9,26.9586,44.4,39.7207,11.7688,37.2172,134.4709,35.48,15.7018,23.2919,96.9,80.781,56.1604,43.12,62.943,76.445,144.5938,38.1785,147.54,36.5852,46.22,30.3882,35.48,72.3343,120.123,20.343,47.9732
2017,10,27.0582,48.7,43.9782,9.0688,37.3946,137.6749,37.37,15.1427,22.5588,92.9,80.019,56.7452,43.79,61.258,79.1989,153.0,33.2101,149.67,36.7745,46.9,27.212,42.75,69.0526,124.812,21.4121,50.7026
2017,11,27.4863,54.95,50.8581,10.6732,39.7502,131.9932,38.01,14.4777,21.9247,89.4,77.683,52.7873,49.79,62.7781,80.5065,156.9173,35.9044,156.04,38.399,43.61,32.4991,43.01,70.8028,137.886,21.5714,48.8697
2017,12,26.1423,51.2,50.9279,14.3727,41.9951,125.2878,37.42,14.5531,21.36,96.35,81.632,51.9463,53.44,60.8805,63.24,155.0805,38.3718,172.85,41.3242,46.21,33.4054,42.96,76.5188,139.8,22.0194,47.0966
